ID,Sector_score,LOCATION_ID,PARA_A,Score_A,Risk_A,PARA_B,Score_B,Risk_B,TOTAL,numbers,Score_B.1,Risk_C,Money_Value,Score_MV,Risk_D,District_Loss,PROB,RiSk_E,History,Prob,Risk_F,Score,Inherent_Risk,CONTROL_RISK,Detection_Risk,Audit_Risk
0,2.37,16,0.01,0.2,0.002,0.007,0.2,0.0014,0.017,5.0,0.2,1.0,0.0,0.2,0.0,2,0.2,0.4,0,0.2,0.0,2.0,1.4034,0.4,0.5,0.28068
2,55.57,9,1.06,0.4,0.424,0.0,0.2,0.0,1.06,5.0,0.2,1.0,0.0,0.2,0.0,2,0.2,0.4,0,0.2,0.0,2.2,1.824,0.4,0.5,0.3648
3,55.57,16,2.42,0.6,1.452,3.53,0.6,2.118,5.95,5.0,0.2,1.0,6.31,0.4,2.524,2,0.2,0.4,0,0.2,0.0,3.8,7.494,0.4,0.5,1.4988
4,2.37,9,0.31,0.2,0.062,0.69,0.2,0.138,1.0,5.0,0.2,1.0,0.0,0.2,0.0,2,0.2,0.4,0,0.2,0.0,2.0,1.6,0.4,0.5,0.32
5,55.57,6,0.62,0.2,0.124,0.42,0.2,0.084,1.04,5.0,0.2,1.0,0.0,0.2,0.0,2,0.2,0.4,0,0.2,0.0,2.0,1.608,0.4,0.5,0.3216
6,1.85,16,9.19,0.6,5.514,4.2,0.6,2.52,13.39,5.0,0.2,1.0,0.52,0.2,0.104,2,0.2,0.4,0,0.2,0.0,3.6,9.538,0.4,0.5,1.9076
7,1.99,15,1.46,0.4,0.584,0.0,0.2,0.0,1.46,5.0,0.2,1.0,0.0,0.2,0.0,2,0.2,0.4,0,0.2,0.0,2.2,1.984,0.4,0.5,0.3968
8,1.85,9,7.37,0.6,4.422,1.64,0.4,0.656,9.01,5.0,0.2,1.0,0.08,0.2,0.016,2,0.2,0.4,0,0.2,0.0,3.0,6.494,0.4,0.5,1.2988
13,1.99,5,1.34,0.4,0.536,0.0,0.2,0.0,1.34,5.0,0.2,1.0,0.0,0.2,0.0,2,0.2,0.4,0,0.2,0.0,2.2,1.936,0.4,0.5,0.3872
15,21.61,4,0.0,0.2,0.0,0.0,0.2,0.0,0.0,5.0,0.2,1.0,0.0,0.2,0.0,2,0.2,0.4,0,0.2,0.0,2.0,1.4,0.4,0.5,0.28
16,2.37,35,3.35,0.6,2.01,0.99,0.2,0.198,4.34,5.0,0.2,1.0,0.12,0.2,0.024,2,0.2,0.4,0,0.2,0.0,2.4,3.632,0.4,0.5,0.7264
17,55.57,29,0.82,0.2,0.164,0.0,0.2,0.0,0.82,5.0,0.2,1.0,0.0,0.2,0.0,2,0.2,0.4,0,0.2,0.0,2.0,1.564,0.4,0.5,0.3128
18,21.61,19,0.53,0.2,0.106,0.62,0.2,0.124,1.15,5.0,0.2,1.0,0.01,0.2,0.002,2,0.2,0.4,0,0.2,0.0,2.0,1.632,0.4,0.5,0.3264
22,1.85,16,0.0,0.2,0.0,0.0,0.2,0.0,0.0,5.0,0.2,1.0,0.0,0.2,0.0,2,0.2,0.4,0,0.2,0.0,2.0,1.4,0.4,0.5,0.28
23,3.89,16,0.0,0.2,0.0,0.08,0.2,0.016,0.08,5.0,0.2,1.0,0.06,0.2,0.012,6,0.2,1.2,0,0.2,0.0,2.4,2.228,1.2,0.5,1.3368
24,55.57,9,0.0,0.2,0.0,1.96,0.4,0.784,1.96,5.0,0.2,1.0,0.4,0.2,0.08,2,0.2,0.4,0,0.2,0.0,2.6,2.264,0.4,0.5,0.4528
26,1.85,2,3.31,0.6,1.986,0.17,0.2,0.034,3.48,5.0,0.2,1.0,0.0,0.2,0.0,2,0.2,0.4,0,0.2,0.0,2.4,3.42,0.4,0.5,0.684
27,2.72,20,4.97,0.6,2.982,42.19,0.6,25.314,47.16,5.5,0.4,2.2,45.37,0.6,27.222,2,0.2,0.4,0,0.2,0.0,4.4,58.118,0.4,0.5,11.6236
28,2.72,19,0.0,0.2,0.0,0.0,0.2,0.0,0.0,5.0,0.2,1.0,0.0,0.2,0.0,2,0.2,0.4,0,0.2,0.0,2.0,1.4,0.4,0.5,0.28
29,59.85,9,0.06,0.2,0.012,0.0,0.2,0.0,0.06,5.0,0.2,1.0,0.0,0.2,0.0,2,0.2,0.4,0,0.2,0.0,2.0,1.412,0.4,0.5,0.2824
31,2.37,12,0.42,0.2,0.084,0.27,0.2,0.054,0.69,5.0,0.2,1.0,0.0,0.2,0.0,2,0.2,0.4,0,0.2,0.0,2.0,1.538,0.4,0.5,0.3076
32,2.72,12,3.62,0.6,2.172,8.37,0.4,3.348,11.99,5.0,0.2,1.0,0.0,0.2,0.0,2,0.2,0.4,0,0.2,0.0,3.0,6.92,0.4,0.5,1.384
33,2.72,9,0.0,0.2,0.0,0.0,0.2,0.0,0.0,5.0,0.2,1.0,0.0,0.2,0.0,2,0.2,0.4,0,0.2,0.0,2.0,1.4,0.4,0.5,0.28
34,55.57,18,0.36,0.2,0.072,0.54,0.2,0.108,0.9,5.0,0.2,1.0,0.21,0.2,0.042,2,0.2,0.4,0,0.2,0.0,2.0,1.622,0.4,0.5,0.3244
35,3.89,6,0.0,0.2,0.0,0.23,0.2,0.046,0.23,5.0,0.2,1.0,0.0,0.2,0.0,2,0.2,0.4,0,0.2,0.0,2.0,1.446,0.4,0.5,0.2892
37,55.57,11,0.27,0.2,0.054,0.0017,0.2,0.00034,0.2717,5.0,0.2,1.0,0.0,0.2,0.0,2,0.2,0.4,0,0.2,0.0,2.0,1.45434,0.4,0.5,0.290868
38,2.72,7,3.04,0.6,1.824,67.37,0.6,40.422,70.41,6.5,0.6,3.9,77.47,0.6,46.482,2,0.2,0.4,0,0.2,0.0,4.8,93.028,0.4,0.5,18.6056
39,3.41,31,12.62,0.6,7.572,80.06,0.6,48.036,92.68,5.5,0.4,2.2,43.53,0.6,26.118,4,0.2,0.8,0,0.2,0.0,4.6,84.726,0.8,0.5,33.8904
40,3.89,12,0.0,0.2,0.0,0.89,0.2,0.178,0.89,5.0,0.2,1.0,0.0,0.2,0.0,2,0.2,0.4,0,0.2,0.0,2.0,1.578,0.4,0.5,0.3156
42,55.57,15,0.0,0.2,0.0,0.0,0.2,0.0,0.0,5.0,0.2,1.0,0.0,0.2,0.0,2,0.2,0.4,0,0.2,0.0,2.0,1.4,0.4,0.5,0.28
43,2.72,4,5.65,0.6,3.39,67.16,0.6,40.296,72.81,6.0,0.6,3.6,27.23,0.6,16.338,2,0.2,0.4,0,0.2,0.0,4.8,64.024,0.4,0.5,12.8048
44,2.37,12,0.39,0.2,0.078,0.14,0.2,0.028,0.53,5.0,0.2,1.0,0.58,0.2,0.116,2,0.2,0.4,0,0.2,0.0,2.0,1.622,0.4,0.5,0.3244
45,1.99,8,1.71,0.4,0.684,0.0,0.2,0.0,1.71,5.0,0.2,1.0,0.09,0.2,0.018,2,0.2,0.4,0,0.2,0.0,2.2,2.102,0.4,0.5,0.4204
47,2.34,5,0.0,0.2,0.0,0.0,0.2,0.0,0.0,5.0,0.2,1.0,0.0,0.2,0.0,2,0.2,0.4,0,0.2,0.0,2.0,1.4,0.4,0.5,0.28
49,2.37,4,0.0,0.2,0.0,0.0,0.2,0.0,0.0,5.0,0.2,1.0,0.05,0.2,0.01,2,0.2,0.4,0,0.2,0.0,2.0,1.41,0.4,0.5,0.282
50,3.89,19,0.62,0.2,0.124,2.02,0.2,0.404,2.64,5.0,0.2,1.0,0.11,0.2,0.022,2,0.2,0.4,0,0.2,0.0,2.0,1.95,0.4,0.5,0.39
51,2.72,19,3.66,0.6,2.196,15.47,0.6,9.282,19.13,5.0,0.2,1.0,1.43,0.2,0.286,2,0.2,0.4,0,0.2,0.0,3.6,13.164,0.4,0.5,2.6328
52,3.89,37,2.4,0.6,1.44,16.63,0.6,9.978,19.03,5.0,0.2,1.0,1.16,0.2,0.232,2,0.2,0.4,0,0.2,0.0,3.6,13.05,0.4,0.5,2.61
53,55.57,4,0.23,0.2,0.046,0.0,0.2,0.0,0.23,5.0,0.2,1.0,,0.2,0.0,2,0.2,0.4,0,0.2,0.0,2.0,1.446,0.4,0.5,0.2892
54,1.99,SAFIDON,0.48,0.2,0.096,0.0,0.2,0.0,0.48,5.0,0.2,1.0,0.47,0.2,0.094,2,0.2,0.4,0,0.2,0.0,2.0,1.59,0.4,0.5,0.318
55,55.57,29,1.26,0.4,0.504,1.58,0.4,0.632,2.84,5.0,0.2,1.0,6.5,0.4,2.6,2,0.2,0.4,0,0.2,0.0,3.0,5.136,0.4,0.5,1.0272
56,2.37,1,3.75,0.6,2.25,1.25,0.4,0.5,5.0,6.0,0.6,3.6,11.25,0.6,6.75,6,0.2,1.2,0,0.2,0.0,4.6,14.3,1.2,0.5,8.58
57,2.72,9,1.65,0.4,0.66,20.86,0.6,12.516,22.51,5.0,0.2,1.0,16.91,0.6,10.146,2,0.2,0.4,0,0.2,0.0,3.8,24.722,0.4,0.5,4.9444
58,55.57,13,0.84,0.2,0.168,0.0,0.2,0.0,0.84,5.0,0.2,1.0,0.0,0.2,0.0,2,0.2,0.4,0,0.2,0.0,2.0,1.568,0.4,0.5,0.3136
59,3.89,12,0.0,0.2,0.0,0.79,0.2,0.158,0.79,5.0,0.2,1.0,15.82,0.6,9.492,2,0.2,0.4,0,0.2,0.0,2.4,11.05,0.4,0.5,2.21
60,1.85,43,2.49,0.6,1.494,0.29,0.2,0.058,2.78,5.0,0.2,1.0,0.49,0.2,0.098,2,0.2,0.4,0,0.2,0.0,2.4,3.05,0.4,0.5,0.61
61,55.57,12,0.0,0.2,0.0,0.0,0.2,0.0,0.0,5.0,0.2,1.0,3.57,0.2,0.714,2,0.2,0.4,0,0.2,0.0,2.0,2.114,0.4,0.5,0.4228
62,21.61,9,0.59,0.2,0.118,0.69,0.2,0.138,1.28,5.0,0.2,1.0,0.0,0.2,0.0,2,0.2,0.4,0,0.2,0.0,2.0,1.656,0.4,0.5,0.3312
63,1.99,30,0.66,0.2,0.132,0.0,0.2,0.0,0.66,5.0,0.2,1.0,0.73,0.2,0.146,2,0.2,0.4,0,0.2,0.0,2.0,1.678,0.4,0.5,0.3356
64,3.89,8,8.4,0.6,5.04,11.05,0.6,6.63,19.45,5.5,0.4,2.2,7.34,0.4,2.936,2,0.2,0.4,0,0.2,0.0,4.2,17.206,0.4,0.5,3.4412
65,2.72,15,2.68,0.6,1.608,38.32,0.6,22.992,41.0,5.0,0.2,1.0,7.17,0.4,2.868,2,0.2,0.4,0,0.2,0.0,3.8,28.868,0.4,0.5,5.7736
67,1.85,31,0.01,0.2,0.002,0.91,0.2,0.182,0.92,5.0,0.2,1.0,0.0,0.2,0.0,2,0.2,0.4,0,0.2,0.0,2.0,1.584,0.4,0.5,0.3168
69,59.85,4,0.15,0.2,0.03,0.0,0.2,0.0,0.15,5.0,0.2,1.0,0.05,0.2,0.01,2,0.2,0.4,0,0.2,0.0,2.0,1.44,0.4,0.5,0.288
70,2.37,16,0.17,0.2,0.034,0.04,0.2,0.008,0.21,5.0,0.2,1.0,0.0,0.2,0.0,2,0.2,0.4,0,0.2,0.0,2.0,1.442,0.4,0.5,0.2884
72,55.57,4,0.28,0.2,0.056,0.25,0.2,0.05,0.53,5.0,0.2,1.0,0.0,0.2,0.0,2,0.2,0.4,0,0.2,0.0,2.0,1.506,0.4,0.5,0.3012
73,55.57,15,1.85,0.4,0.74,4.16,0.6,2.496,6.01,5.0,0.2,1.0,1.65,0.2,0.33,2,0.2,0.4,0,0.2,0.0,3.4,4.966,0.4,0.5,0.9932
74,3.89,2,71.48,0.6,42.888,25.63,0.6,15.378,97.11,5.0,0.2,1.0,873.37,0.6,524.022,2,0.2,0.4,0,0.2,0.0,4.0,583.688,0.4,0.5,116.7376
75,55.57,6,2.24,0.6,1.344,7.26,0.6,4.356,9.5,5.0,0.2,1.0,0.24,0.2,0.048,2,0.2,0.4,0,0.2,0.0,3.6,7.148,0.4,0.5,1.4296
76,55.57,19,1.49,0.4,0.596,0.0,0.2,0.0,1.49,5.0,0.2,1.0,0.0,0.2,0.0,2,0.2,0.4,0,0.2,0.0,2.2,1.996,0.4,0.5,0.3992
77,3.89,37,0.0,0.2,0.0,0.75,0.2,0.15,0.75,5.0,0.2,1.0,6.78,0.4,2.712,2,0.2,0.4,0,0.2,0.0,2.2,4.262,0.4,0.5,0.8524
78,59.85,43,0.0,0.2,0.0,0.0,0.2,0.0,0.0,5.0,0.2,1.0,0.0,0.2,0.0,2,0.2,0.4,0,0.2,0.0,2.0,1.4,0.4,0.5,0.28
79,2.72,5,1.9,0.4,0.76,35.04,0.6,21.024,36.94,6.5,0.6,3.9,16.19,0.6,9.714,2,0.2,0.4,0,0.2,0.0,4.6,35.798,0.4,0.5,7.1596
80,3.41,31,16.36,0.6,9.816,41.1,0.6,24.66,57.46,5.0,0.2,1.0,12.03,0.6,7.218,4,0.2,0.8,0,0.2,0.0,4.2,43.494,0.8,0.5,17.3976
82,55.57,32,0.29,0.2,0.058,0.39,0.2,0.078,0.68,5.5,0.4,2.2,0.05,0.2,0.01,2,0.2,0.4,0,0.2,0.0,2.4,2.746,0.4,0.5,0.5492
84,55.57,11,0.98,0.2,0.196,0.0,0.2,0.0,0.98,5.0,0.2,1.0,0.0,0.2,0.0,2,0.2,0.4,0,0.2,0.0,2.0,1.596,0.4,0.5,0.3192
85,55.57,16,0.0,0.2,0.0,0.0,0.2,0.0,0.0,5.0,0.2,1.0,0.02,0.2,0.004,2,0.2,0.4,0,0.2,0.0,2.0,1.404,0.4,0.5,0.2808
86,1.99,12,1.52,0.4,0.608,0.0,0.2,0.0,1.52,5.0,0.2,1.0,6.96,0.4,2.784,2,0.2,0.4,0,0.2,0.0,2.4,4.792,0.4,0.5,0.9584
87,1.85,8,8.94,0.6,5.364,1.32,0.4,0.528,10.26,5.0,0.2,1.0,0.02,0.2,0.004,2,0.2,0.4,0,0.2,0.0,3.0,7.296,0.4,0.5,1.4592
88,55.57,13,0.25,0.2,0.05,0.0017,0.2,0.00034,0.2517,5.0,0.2,1.0,0.0,0.2,0.0,2,0.2,0.4,0,0.2,0.0,2.0,1.45034,0.4,0.5,0.290068
90,3.41,12,25.4,0.6,15.24,51.74,0.6,31.044,77.14,5.0,0.2,1.0,12.67,0.6,7.602,6,0.2,1.2,2,0.6,1.2,4.8,57.286,2.4,0.5,68.7432
91,1.85,9,0.64,0.2,0.128,0.95,0.2,0.19,1.59,5.0,0.2,1.0,0.0,0.2,0.0,2,0.2,0.4,1,0.4,0.4,2.2,2.118,0.8,0.5,0.8472
92,59.85,13,0.07,0.2,0.014,0.0,0.2,0.0,0.07,5.0,0.2,1.0,10.4,0.6,6.24,2,0.2,0.4,0,0.2,0.0,2.4,7.654,0.4,0.5,1.5308
93,55.57,9,0.88,0.2,0.176,0.54,0.2,0.108,1.42,5.0,0.2,1.0,0.11,0.2,0.022,2,0.2,0.4,0,0.2,0.0,2.0,1.706,0.4,0.5,0.3412
94,3.89,7,1.1,0.4,0.44,7.41,0.4,2.964,8.51,5.0,0.2,1.0,44.95,0.6,26.97,2,0.2,0.4,0,0.2,0.0,3.2,31.774,0.4,0.5,6.3548
95,3.41,19,0.91,0.2,0.182,0.0,0.2,0.0,0.91,5.0,0.2,1.0,0.0,0.2,0.0,2,0.2,0.4,0,0.2,0.0,2.0,1.582,0.4,0.5,0.3164
96,3.89,23,4.18,0.6,2.508,2.5,0.2,0.5,6.68,5.0,0.2,1.0,3.38,0.2,0.676,2,0.2,0.4,0,0.2,0.0,2.4,8.574,0.4,0.5,1.7148
97,55.57,12,0.7,0.2,0.14,0.0,0.2,0.0,0.7,5.0,0.2,1.0,0.0,0.2,0.0,2,0.2,0.4,0,0.2,0.0,2.0,1.54,0.4,0.5,0.308
98,55.57,4,0.49,0.2,0.098,0.0,0.2,0.0,0.49,5.0,0.2,1.0,0.0,0.2,0.0,2,0.2,0.4,0,0.2,0.0,2.0,1.498,0.4,0.5,0.2996
99,55.57,8,0.45,0.2,0.09,8.27,0.6,4.962,8.72,5.0,0.2,1.0,9.43,0.4,3.772,4,0.2,0.8,0,0.2,0.0,3.6,10.624,0.8,0.5,4.2496
102,55.57,25,0.5,0.2,0.1,0.0,0.2,0.0,0.5,5.0,0.2,1.0,0.0,0.2,0.0,2,0.2,0.4,0,0.2,0.0,2.0,1.5,0.4,0.5,0.3
103,1.85,12,0.6,0.2,0.12,1.14,0.4,0.456,1.74,5.0,0.2,1.0,0.43,0.2,0.086,2,0.2,0.4,0,0.2,0.0,2.6,2.062,0.4,0.5,0.4124
104,3.89,11,0.0,0.2,0.0,6.8,0.4,2.72,6.8,5.0,0.2,1.0,47.9,0.6,28.74,2,0.2,0.4,0,0.2,0.0,3.0,32.86,0.4,0.5,6.572
105,59.85,11,0.0,0.2,0.0,0.0,0.2,0.0,0.0,5.0,0.2,1.0,0.7,0.2,0.14,2,0.2,0.4,0,0.2,0.0,2.0,1.54,0.4,0.5,0.308
106,21.61,5,0.33,0.2,0.066,0.0,0.2,0.0,0.33,5.0,0.2,1.0,0.0,0.2,0.0,2,0.2,0.4,0,0.2,0.0,2.0,1.466,0.4,0.5,0.2932
107,1.85,31,2.48,0.6,1.488,0.0,0.2,0.0,2.48,5.0,0.2,1.0,0.0,0.2,0.0,2,0.2,0.4,0,0.2,0.0,2.4,2.888,0.4,0.5,0.5776
109,1.85,19,0.99,0.2,0.198,0.11,0.2,0.022,1.1,5.0,0.2,1.0,0.0,0.2,0.0,6,0.2,1.2,0,0.2,0.0,2.4,2.42,1.2,0.5,1.452
110,2.37,19,1.62,0.4,0.648,0.49,0.2,0.098,2.11,5.0,0.2,1.0,0.0,0.2,0.0,2,0.2,0.4,0,0.2,0.0,2.2,2.146,0.4,0.5,0.4292
111,1.85,4,2.43,0.6,1.458,0.27,0.2,0.054,2.7,5.0,0.2,1.0,0.0,0.2,0.0,2,0.2,0.4,0,0.2,0.0,2.4,2.912,0.4,0.5,0.5824
112,1.85,32,1.39,0.4,0.556,1.1,0.4,0.44,2.49,5.0,0.2,1.0,0.0,0.2,0.0,2,0.2,0.4,0,0.2,0.0,2.8,2.396,0.4,0.5,0.4792
113,2.37,12,1.65,0.4,0.66,0.02,0.2,0.004,1.67,5.0,0.2,1.0,27.99,0.6,16.794,2,0.2,0.4,0,0.2,0.0,2.6,18.858,0.4,0.5,3.7716
115,2.37,28,1.29,0.4,0.516,0.25,0.2,0.05,1.54,5.0,0.2,1.0,0.0,0.2,0.0,2,0.2,0.4,0,0.2,0.0,2.2,1.966,0.4,0.5,0.3932
116,21.61,29,0.63,0.2,0.126,0.69,0.2,0.138,1.32,5.0,0.2,1.0,0.32,0.2,0.064,2,0.2,0.4,0,0.2,0.0,2.0,1.728,0.4,0.5,0.3456
117,2.37,5,0.02,0.2,0.004,0.87,0.2,0.174,0.89,5.0,0.2,1.0,0.04,0.2,0.008,2,0.2,0.4,0,0.2,0.0,2.0,1.586,0.4,0.5,0.3172
119,1.85,13,4.99,0.6,2.994,0.64,0.2,0.128,5.63,5.0,0.2,1.0,0.0,0.2,0.0,2,0.2,0.4,0,0.2,0.0,2.4,4.522,0.4,0.5,0.9044
122,55.57,5,0.15,0.2,0.03,0.0,0.2,0.0,0.15,5.0,0.2,1.0,0.0,0.2,0.0,2,0.2,0.4,0,0.2,0.0,2.0,1.43,0.4,0.5,0.286
123,55.57,8,0.0,0.2,0.0,0.0,0.2,0.0,0.0,5.0,0.2,1.0,0.0,0.2,0.0,4,0.2,0.8,0,0.2,0.0,2.2,1.8,0.8,0.5,0.72
125,55.57,19,0.0,0.2,0.0,0.0,0.2,0.0,0.0,5.0,0.2,1.0,0.0,0.2,0.0,2,0.2,0.4,0,0.2,0.0,2.0,1.4,0.4,0.5,0.28
126,55.57,8,0.68,0.2,0.136,0.0,0.2,0.0,0.68,5.0,0.2,1.0,0.0,0.2,0.0,4,0.2,0.8,0,0.2,0.0,2.2,1.936,0.8,0.5,0.7744
127,3.89,32,0.0,0.2,0.0,0.85,0.2,0.17,0.85,5.0,0.2,1.0,0.0,0.2,0.0,4,0.2,0.8,0,0.2,0.0,2.2,1.97,0.8,0.5,0.788
128,55.57,32,0.3,0.2,0.06,0.0023,0.2,0.00046,0.3023,5.0,0.2,1.0,0.0,0.2,0.0,2,0.2,0.4,0,0.2,0.0,2.0,1.46046,0.4,0.5,0.292092
129,3.89,9,6.32,0.6,3.792,9.01,0.4,3.604,15.33,5.0,0.2,1.0,8.31,0.4,3.324,2,0.2,0.4,0,0.2,0.0,3.2,12.12,0.4,0.5,2.424
130,21.61,11,0.75,0.2,0.15,0.9,0.2,0.18,1.65,5.0,0.2,1.0,1.4,0.2,0.28,2,0.2,0.4,0,0.2,0.0,2.0,2.01,0.4,0.5,0.402
131,3.89,16,0.0,0.2,0.0,1.1,0.2,0.22,1.1,5.0,0.2,1.0,0.0,0.2,0.0,6,0.2,1.2,0,0.2,0.0,2.4,2.42,1.2,0.5,1.452
132,3.89,32,4.93,0.6,2.958,6.54,0.4,2.616,11.47,5.5,0.4,2.2,12.91,0.6,7.746,4,0.2,0.8,0,0.2,0.0,4.0,16.32,0.8,0.5,6.528
134,21.61,5,0.28,0.2,0.056,0.16,0.2,0.032,0.44,5.0,0.2,1.0,0.0,0.2,0.0,2,0.2,0.4,0,0.2,0.0,2.0,1.488,0.4,0.5,0.2976
135,1.99,8,1.89,0.4,0.756,0.0,0.2,0.0,1.89,5.0,0.2,1.0,0.0,0.2,0.0,2,0.2,0.4,0,0.2,0.0,2.2,2.156,0.4,0.5,0.4312
136,2.37,2,0.9,0.2,0.18,0.29,0.2,0.058,1.19,5.0,0.2,1.0,1.22,0.2,0.244,6,0.2,1.2,0,0.2,0.0,2.4,2.682,1.2,0.5,1.6092
137,3.41,11,1.21,0.4,0.484,0.0,0.2,0.0,1.21,5.0,0.2,1.0,0.0,0.2,0.0,2,0.2,0.4,0,0.2,0.0,2.2,1.884,0.4,0.5,0.3768
138,2.72,11,3.11,0.6,1.866,113.97,0.6,68.382,117.08,5.5,0.4,2.2,26.64,0.6,15.984,2,0.2,0.4,0,0.2,0.0,4.4,88.832,0.4,0.5,17.7664
139,2.37,16,1.27,0.4,0.508,1.01,0.4,0.404,2.28,5.0,0.2,1.0,1.15,0.2,0.23,2,0.2,0.4,0,0.2,0.0,2.8,2.542,0.4,0.5,0.5084
140,2.37,2,17.53,0.6,10.518,0.0,0.2,0.0,17.53,6.5,0.6,3.9,94.75,0.6,56.85,6,0.2,1.2,4,0.6,2.4,4.4,74.868,3.6,0.5,134.7624
141,55.57,16,0.2,0.2,0.04,0.0,0.2,0.0,0.2,5.0,0.2,1.0,0.0,0.2,0.0,2,0.2,0.4,0,0.2,0.0,2.0,1.44,0.4,0.5,0.288
142,55.57,9,0.49,0.2,0.098,0.4,0.2,0.08,0.89,5.0,0.2,1.0,0.0,0.2,0.0,2,0.2,0.4,0,0.2,0.0,2.0,1.578,0.4,0.5,0.3156
144,55.57,9,0.92,0.2,0.184,0.0,0.2,0.0,0.92,5.0,0.2,1.0,0.0,0.2,0.0,2,0.2,0.4,0,0.2,0.0,2.0,1.584,0.4,0.5,0.3168
145,2.37,12,2.22,0.6,1.332,6.23,0.6,3.738,8.45,5.0,0.2,1.0,0.89,0.2,0.178,2,0.2,0.4,0,0.2,0.0,3.6,6.648,0.4,0.5,1.3296
146,1.85,19,0.0,0.2,0.0,0.0,0.2,0.0,0.0,5.0,0.2,1.0,0.0,0.2,0.0,6,0.2,1.2,0,0.2,0.0,2.4,2.2,1.2,0.5,1.32
147,1.85,6,0.0,0.2,0.0,0.0,0.2,0.0,0.0,5.0,0.2,1.0,0.0,0.2,0.0,2,0.2,0.4,0,0.2,0.0,2.0,1.4,0.4,0.5,0.28
148,2.37,28,0.44,0.2,0.088,0.02,0.2,0.004,0.46,5.0,0.2,1.0,27.1,0.6,16.26,6,0.2,1.2,0,0.2,0.0,2.8,18.552,1.2,0.5,11.1312
149,55.57,5,0.71,0.2,0.142,0.0,0.2,0.0,0.71,5.0,0.2,1.0,0.0,0.2,0.0,2,0.2,0.4,0,0.2,0.0,2.0,1.542,0.4,0.5,0.3084
150,59.85,32,0.0,0.2,0.0,0.0,0.2,0.0,0.0,5.0,0.2,1.0,2.86,0.2,0.572,2,0.2,0.4,0,0.2,0.0,2.0,1.972,0.4,0.5,0.3944
152,1.99,12,0.43,0.2,0.086,0.0,0.2,0.0,0.43,5.0,0.2,1.0,13.54,0.6,8.124,2,0.2,0.4,0,0.2,0.0,2.4,9.61,0.4,0.5,1.922
154,1.85,19,2.81,0.6,1.686,0.11,0.2,0.022,2.92,5.0,0.2,1.0,19.45,0.6,11.67,6,0.2,1.2,0,0.2,0.0,3.2,15.578,1.2,0.5,9.3468
155,1.85,2,11.24,0.6,6.744,9.49,0.6,5.694,20.73,5.5,0.4,2.2,173.02,0.6,103.812,2,0.2,0.4,0,0.2,0.0,4.4,118.85,0.4,0.5,23.77
156,1.99,20,0.86,0.2,0.172,0.0,0.2,0.0,0.86,5.0,0.2,1.0,0.0,0.2,0.0,6,0.2,1.2,0,0.2,0.0,2.4,2.372,1.2,0.5,1.4232
158,1.85,8,0.79,0.2,0.158,1.01,0.4,0.404,1.8,5.0,0.2,1.0,0.57,0.2,0.114,2,0.2,0.4,0,0.2,0.0,2.6,2.076,0.4,0.5,0.4152
159,1.85,19,1.16,0.4,0.464,0.0,0.2,0.0,1.16,5.0,0.2,1.0,0.11,0.2,0.022,6,0.2,1.2,0,0.2,0.0,2.6,2.686,1.2,0.5,1.6116
161,1.85,16,0.0,0.2,0.0,0.0,0.2,0.0,0.0,5.0,0.2,1.0,0.0,0.2,0.0,2,0.2,0.4,0,0.2,0.0,2.0,1.4,0.4,0.5,0.28
162,3.89,19,0.0,0.2,0.0,0.05,0.2,0.01,0.05,5.0,0.2,1.0,0.0,0.2,0.0,2,0.2,0.4,0,0.2,0.0,2.0,1.41,0.4,0.5,0.282
163,3.89,6,0.0,0.2,0.0,0.83,0.2,0.166,0.83,5.0,0.2,1.0,2.95,0.2,0.59,2,0.2,0.4,0,0.2,0.0,2.0,2.156,0.4,0.5,0.4312
164,55.57,29,0.0,0.2,0.0,0.0,0.2,0.0,0.0,5.0,0.2,1.0,0.0,0.2,0.0,2,0.2,0.4,0,0.2,0.0,2.0,1.4,0.4,0.5,0.28
165,2.72,22,0.0,0.2,0.0,0.0,0.2,0.0,0.0,5.0,0.2,1.0,30.85,0.6,18.51,2,0.2,0.4,0,0.2,0.0,2.4,19.91,0.4,0.5,3.982
166,55.57,44,0.0006,0.2,0.00012,1.11,0.4,0.444,1.1106,5.0,0.2,1.0,0.0,0.2,0.0,6,0.2,1.2,0,0.2,0.0,3.0,2.64412,1.2,0.5,1.586472
167,55.57,29,0.32,0.2,0.064,0.0009,0.2,0.00018,0.3209,5.0,0.2,1.0,0.0,0.2,0.0,2,0.2,0.4,0,0.2,0.0,2.0,1.46418,0.4,0.5,0.292836
168,55.57,27,0.0,0.2,0.0,0.0,0.2,0.0,0.0,5.0,0.2,1.0,0.0,0.2,0.0,2,0.2,0.4,0,0.2,0.0,2.0,1.4,0.4,0.5,0.28
169,2.72,9,0.96,0.2,0.192,0.0,0.2,0.0,0.96,5.0,0.2,1.0,0.0,0.2,0.0,2,0.2,0.4,0,0.2,0.0,2.0,1.592,0.4,0.5,0.3184
170,3.89,32,5.37,0.6,3.222,8.62,0.4,3.448,13.99,5.0,0.2,1.0,17.16,0.6,10.296,4,0.2,0.8,0,0.2,0.0,3.6,18.766,0.8,0.5,7.5064
171,55.57,17,0.0,0.2,0.0,0.0,0.2,0.0,0.0,5.0,0.2,1.0,0.0,0.2,0.0,2,0.2,0.4,0,0.2,0.0,2.0,1.4,0.4,0.5,0.28
172,1.85,19,2.05,0.6,1.23,0.0,0.2,0.0,2.05,5.0,0.2,1.0,3.53,0.2,0.706,6,0.2,1.2,0,0.2,0.0,2.8,4.136,1.2,0.5,2.4816
174,2.37,8,0.53,0.2,0.106,5.4,0.6,3.24,5.93,5.0,0.2,1.0,0.72,0.2,0.144,2,0.2,0.4,0,0.2,0.0,3.2,4.89,0.4,0.5,0.978
175,1.99,16,0.77,0.2,0.154,0.0,0.2,0.0,0.77,5.0,0.2,1.0,0.0,0.2,0.0,4,0.2,0.8,0,0.2,0.0,2.2,1.954,0.8,0.5,0.7816
177,1.85,15,1.28,0.4,0.512,1.75,0.4,0.7,3.03,5.0,0.2,1.0,0.0,0.2,0.0,2,0.2,0.4,0,0.2,0.0,2.8,2.612,0.4,0.5,0.5224
178,3.89,2,0.0,0.2,0.0,0.0,0.2,0.0,0.0,5.0,0.2,1.0,0.0,0.2,0.0,2,0.2,0.4,0,0.2,0.0,2.0,1.4,0.4,0.5,0.28
179,3.89,22,0.0,0.2,0.0,18.05,0.6,10.83,18.05,5.0,0.2,1.0,2.29,0.2,0.458,2,0.2,0.4,0,0.2,0.0,3.2,12.688,0.4,0.5,2.5376
180,1.85,27,4.6,0.6,2.76,1.17,0.4,0.468,5.77,5.0,0.2,1.0,0.04,0.2,0.008,2,0.2,0.4,0,0.2,0.0,3.0,4.636,0.4,0.5,0.9272
181,3.41,15,12.17,0.6,7.302,47.0,0.6,28.2,59.17,6.0,0.6,3.6,10.14,0.6,6.084,2,0.2,0.4,0,0.2,0.0,4.8,45.586,0.4,0.5,9.1172
182,1.85,19,45.23,0.6,27.138,36.18,0.6,21.708,81.41,5.0,0.2,1.0,0.0,0.2,0.0,6,0.2,1.2,0,0.2,0.0,4.0,51.046,1.2,0.5,30.6276
183,2.72,14,4.53,0.6,2.718,87.93,0.6,52.758,92.46,5.0,0.2,1.0,85.81,0.6,51.486,2,0.2,0.4,0,0.2,0.0,4.0,108.362,0.4,0.5,21.6724
185,1.85,22,7.84,0.6,4.704,2.81,0.6,1.686,10.65,5.0,0.2,1.0,0.0,0.2,0.0,2,0.4,0.8,0,0.2,0.0,3.8,8.19,0.8,0.5,3.276
187,55.57,22,0.83,0.2,0.166,0.0,0.2,0.0,0.83,5.0,0.2,1.0,0.14,0.2,0.028,2,0.2,0.4,0,0.2,0.0,2.0,1.594,0.4,0.5,0.3188
188,59.85,29,0.03,0.2,0.006,0.0,0.2,0.0,0.03,5.0,0.2,1.0,1.22,0.2,0.244,2,0.2,0.4,0,0.2,0.0,2.0,1.65,0.4,0.5,0.33
189,1.85,9,10.79,0.6,6.474,0.67,0.2,0.134,11.46,5.0,0.2,1.0,0.04,0.2,0.008,2,0.2,0.4,0,0.2,0.0,2.4,8.016,0.4,0.5,1.6032
190,3.41,13,15.66,0.6,9.396,74.53,0.6,44.718,90.19,5.0,0.2,1.0,29.07,0.6,17.442,2,0.2,0.4,0,0.2,0.0,4.0,72.956,0.4,0.5,14.5912
191,55.57,6,0.0,0.2,0.0,0.0,0.2,0.0,0.0,5.0,0.2,1.0,0.0,0.2,0.0,2,0.2,0.4,0,0.2,0.0,2.0,1.4,0.4,0.5,0.28
192,3.41,11,1.44,0.4,0.576,9.65,0.4,3.86,11.09,6.5,0.6,3.9,10.03,0.6,6.018,2,0.2,0.4,0,0.2,0.0,4.0,14.754,0.4,0.5,2.9508
193,1.99,15,1.12,0.4,0.448,0.0,0.2,0.0,1.12,5.0,0.2,1.0,10.98,0.6,6.588,2,0.2,0.4,0,0.2,0.0,2.6,8.436,0.4,0.5,1.6872
194,55.57,21,1.07,0.4,0.428,0.0,0.2,0.0,1.07,5.0,0.2,1.0,0.0,0.2,0.0,2,0.2,0.4,0,0.2,0.0,2.2,1.828,0.4,0.5,0.3656
196,1.85,2,1.17,0.4,0.468,0.15,0.2,0.03,1.32,5.0,0.2,1.0,0.0,0.2,0.0,2,0.2,0.4,0,0.2,0.0,2.2,1.898,0.4,0.5,0.3796
197,2.37,6,2.51,0.6,1.506,8.59,0.6,5.154,11.1,5.5,0.4,2.2,16.03,0.6,9.618,2,0.2,0.4,5,0.6,3.0,4.8,21.878,3.4,0.5,37.1926
198,3.41,13,5.61,0.6,3.366,1.56,0.2,0.312,7.17,5.0,0.2,1.0,4.03,0.2,0.806,2,0.2,0.4,0,0.2,0.0,2.4,5.884,0.4,0.5,1.1768
199,21.61,8,0.34,0.2,0.068,0.36,0.2,0.072,0.7,5.0,0.2,1.0,0.03,0.2,0.006,2,0.2,0.4,0,0.2,0.0,2.0,1.546,0.4,0.5,0.3092
200,21.61,19,0.46,0.2,0.092,0.88,0.2,0.176,1.34,5.0,0.2,1.0,0.58,0.2,0.116,2,0.2,0.4,0,0.2,0.0,2.0,1.784,0.4,0.5,0.3568
201,1.99,40,0.93,0.2,0.186,0.0,0.2,0.0,0.93,5.0,0.2,1.0,0.11,0.2,0.022,2,0.2,0.4,0,0.2,0.0,2.0,1.608,0.4,0.5,0.3216
202,55.57,15,1.85,0.4,0.74,4.16,0.6,2.496,6.01,5.0,0.2,1.0,0.51,0.2,0.102,2,0.2,0.4,0,0.2,0.0,3.4,4.738,0.4,0.5,0.9476
203,3.89,2,0.0,0.2,0.0,7.37,0.4,2.948,7.37,5.0,0.2,1.0,0.74,0.2,0.148,2,0.2,0.4,0,0.2,0.0,2.6,4.496,0.4,0.5,0.8992
204,15.56,1,3.73,0.6,2.238,2.82,0.6,1.692,6.55,6.0,0.6,3.6,160.41,0.6,96.246,6,0.2,1.2,0,0.2,0.0,5.2,104.976,1.2,0.5,62.9856
205,21.61,2,0.67,0.2,0.134,0.75,0.2,0.15,1.42,5.0,0.2,1.0,0.39,0.2,0.078,2,0.2,0.4,0,0.2,0.0,2.0,1.762,0.4,0.5,0.3524
206,3.89,4,5.78,0.6,3.468,57.92,0.6,34.752,63.7,5.0,0.2,1.0,11.16,0.6,6.696,2,0.2,0.4,0,0.2,0.0,4.0,46.316,0.4,0.5,9.2632
207,59.85,9,0.3,0.2,0.06,0.0,0.2,0.0,0.3,5.0,0.2,1.0,0.0,0.2,0.0,2,0.2,0.4,0,0.2,0.0,2.0,1.46,0.4,0.5,0.292
208,3.41,39,9.97,0.6,5.982,88.73,0.6,53.238,98.7,5.0,0.2,1.0,10.27,0.6,6.162,2,0.2,0.4,0,0.2,0.0,4.0,66.782,0.4,0.5,13.3564
210,3.89,16,0.0,0.2,0.0,1.66,0.2,0.332,1.66,5.0,0.2,1.0,0.76,0.2,0.152,6,0.2,1.2,0,0.2,0.0,2.4,2.684,1.2,0.5,1.6104
213,1.85,19,3.28,0.6,1.968,0.25,0.2,0.05,3.53,5.0,0.2,1.0,0.04,0.2,0.008,6,0.2,1.2,0,0.2,0.0,2.8,4.226,1.2,0.5,2.5356
214,2.37,9,2.1,0.6,1.26,5.06,0.6,3.036,7.16,5.0,0.2,1.0,5.41,0.4,2.164,2,0.2,0.4,0,0.2,0.0,3.8,7.86,0.4,0.5,1.572
215,2.37,9,1.67,0.4,0.668,0.39,0.2,0.078,2.06,5.0,0.2,1.0,1.43,0.2,0.286,2,0.2,0.4,0,0.2,0.0,2.2,2.432,0.4,0.5,0.4864
216,2.36,1,1.71,0.4,0.684,0.0,0.2,0.0,1.71,6.5,0.6,3.9,88.4,0.6,53.04,6,0.4,2.4,4,0.6,2.4,4.4,62.424,4.8,0.5,149.8176
217,55.57,4,0.74,0.2,0.148,0.0,0.2,0.0,0.74,5.0,0.2,1.0,0.15,0.2,0.03,2,0.2,0.4,0,0.2,0.0,2.0,1.578,0.4,0.5,0.3156
218,59.85,9,0.0,0.2,0.0,0.0,0.2,0.0,0.0,5.0,0.2,1.0,0.19,0.2,0.038,2,0.2,0.4,0,0.2,0.0,2.0,1.438,0.4,0.5,0.2876
220,2.72,9,3.99,0.6,2.394,92.05,0.6,55.23,96.04,5.0,0.2,1.0,15.14,0.6,9.084,2,0.2,0.4,1,0.4,0.4,4.2,68.508,0.8,0.5,27.4032
222,1.99,14,1.26,0.4,0.504,0.0,0.2,0.0,1.26,5.0,0.2,1.0,0.0,0.2,0.0,2,0.2,0.4,0,0.2,0.0,2.2,1.904,0.4,0.5,0.3808
223,3.89,14,6.85,0.6,4.11,31.76,0.6,19.056,38.61,5.0,0.2,1.0,1.46,0.2,0.292,2,0.2,0.4,0,0.2,0.0,3.6,24.858,0.4,0.5,4.9716
224,2.34,2,3.95,0.6,2.37,0.0,0.2,0.0,0.0,5.5,0.4,2.2,83.96,0.6,50.376,6,0.2,1.2,1,0.4,0.4,3.8,56.546,1.6,0.5,45.2368
225,3.89,30,12.7,0.6,7.62,1.28,0.2,0.256,13.98,5.0,0.2,1.0,11.69,0.6,7.014,2,0.2,0.4,0,0.2,0.0,2.8,16.29,0.4,0.5,3.258
226,55.57,13,0.1,0.2,0.02,0.0,0.2,0.0,0.1,5.0,0.2,1.0,0.0,0.2,0.0,2,0.2,0.4,0,0.2,0.0,2.0,1.42,0.4,0.5,0.284
229,3.89,8,10.0,0.6,6.0,74.26,0.6,44.556,84.26,5.5,0.4,2.2,11.16,0.6,6.696,2,0.2,0.4,3,0.6,1.8,4.8,61.652,2.2,0.5,67.8172
231,55.57,11,0.74,0.2,0.148,0.0,0.2,0.0,0.74,5.0,0.2,1.0,0.71,0.2,0.142,2,0.2,0.4,0,0.2,0.0,2.0,1.69,0.4,0.5,0.338
232,1.85,29,7.01,0.6,4.206,1.12,0.4,0.448,8.13,5.0,0.2,1.0,0.1,0.2,0.02,2,0.2,0.4,0,0.2,0.0,3.0,6.074,0.4,0.5,1.2148
233,1.99,6,1.19,0.4,0.476,0.0,0.2,0.0,1.19,5.0,0.2,1.0,0.0,0.2,0.0,2,0.2,0.4,0,0.2,0.0,2.2,1.876,0.4,0.5,0.3752
234,2.72,16,2.84,0.6,1.704,64.91,0.6,38.946,67.75,5.5,0.4,2.2,124.59,0.6,74.754,4,0.2,0.8,0,0.2,0.0,4.6,118.404,0.8,0.5,47.3616
235,15.56,19,0.0,0.2,0.0,0.0,0.2,0.0,0.0,5.0,0.2,1.0,23.97,0.6,14.382,6,0.2,1.2,0,0.2,0.0,2.8,16.582,1.2,0.5,9.9492
237,1.99,LOHARU,0.3,0.2,0.06,0.0,0.2,0.0,0.3,5.0,0.2,1.0,0.0,0.2,0.0,2,0.2,0.4,0,0.2,0.0,2.0,1.46,0.4,0.5,0.292
238,1.85,12,13.91,0.6,8.346,0.5,0.2,0.1,14.41,5.0,0.2,1.0,0.19,0.2,0.038,2,0.2,0.4,0,0.2,0.0,2.4,9.884,0.4,0.5,1.9768
240,55.57,13,0.51,0.2,0.102,0.37,0.2,0.074,0.88,5.0,0.2,1.0,0.0,0.2,0.0,2,0.2,0.4,0,0.2,0.0,2.0,1.576,0.4,0.5,0.3152
241,3.41,16,12.68,0.6,7.608,41.0,0.6,24.6,53.68,5.5,0.4,2.2,11.88,0.6,7.128,2,0.2,0.4,0,0.2,0.0,4.4,41.936,0.4,0.5,8.3872
242,55.57,2,1.06,0.4,0.424,0.63,0.2,0.126,1.69,5.0,0.2,1.0,0.9,0.2,0.18,6,0.2,1.2,0,0.2,0.0,2.6,2.93,1.2,0.5,1.758
244,2.72,8,4.34,0.6,2.604,24.13,0.6,14.478,28.47,5.0,0.2,1.0,3.42,0.2,0.684,2,0.2,0.4,0,0.2,0.0,3.6,19.166,0.4,0.5,3.8332
245,1.85,5,0.71,0.2,0.142,0.66,0.2,0.132,1.37,5.0,0.2,1.0,0.0,0.2,0.0,2,0.2,0.4,0,0.2,0.0,2.0,1.674,0.4,0.5,0.3348
246,2.37,5,1.29,0.4,0.516,0.13,0.2,0.026,1.42,5.0,0.2,1.0,0.0,0.2,0.0,2,0.2,0.4,0,0.2,0.0,2.2,1.942,0.4,0.5,0.3884
247,3.89,3,0.94,0.2,0.188,0.01,0.2,0.002,0.95,5.0,0.2,1.0,0.1,0.2,0.02,2,0.2,0.4,0,0.2,0.0,2.0,1.61,0.4,0.5,0.322
248,2.72,12,1.6,0.4,0.64,0.0,0.2,0.0,1.6,5.0,0.2,1.0,0.0,0.2,0.0,2,0.2,0.4,0,0.2,0.0,2.2,2.04,0.4,0.5,0.408
250,21.61,13,0.32,0.2,0.064,0.0,0.2,0.0,0.32,5.0,0.2,1.0,0.0,0.2,0.0,2,0.2,0.4,0,0.2,0.0,2.0,1.464,0.4,0.5,0.2928
251,1.85,43,5.2,0.6,3.12,0.0,0.2,0.0,5.2,5.0,0.2,1.0,0.0,0.2,0.0,2,0.2,0.4,0,0.2,0.0,2.4,4.52,0.4,0.5,0.904
252,59.85,4,0.0,0.2,0.0,0.0,0.2,0.0,0.0,5.0,0.2,1.0,0.0,0.2,0.0,2,0.2,0.4,0,0.2,0.0,2.0,1.4,0.4,0.5,0.28
253,21.61,5,0.84,0.2,0.168,1.09,0.4,0.436,1.93,5.0,0.2,1.0,0.0,0.2,0.0,2,0.2,0.4,0,0.2,0.0,2.6,2.004,0.4,0.5,0.4008
254,3.89,13,0.0,0.2,0.0,0.87,0.2,0.174,0.87,5.0,0.2,1.0,0.0,0.2,0.0,2,0.2,0.4,0,0.2,0.0,2.0,1.574,0.4,0.5,0.3148
255,59.85,13,0.48,0.2,0.096,0.0,0.2,0.0,0.48,5.0,0.2,1.0,0.0,0.2,0.0,2,0.2,0.4,0,0.2,0.0,2.0,1.496,0.4,0.5,0.2992
257,55.57,19,0.42,0.2,0.084,0.0,0.2,0.0,0.42,5.0,0.2,1.0,0.0,0.2,0.0,2,0.2,0.4,0,0.2,0.0,2.0,1.484,0.4,0.5,0.2968
258,1.85,13,8.25,0.6,4.95,1.59,0.4,0.636,9.84,5.0,0.2,1.0,0.02,0.2,0.004,2,0.2,0.4,0,0.2,0.0,3.0,6.99,0.4,0.5,1.398
259,1.85,16,0.88,0.2,0.176,1.5,0.4,0.6,2.38,5.0,0.2,1.0,0.19,0.2,0.038,2,0.2,0.4,0,0.2,0.0,2.6,2.214,0.4,0.5,0.4428
260,3.89,16,1.19,0.4,0.476,12.88,0.6,7.728,14.07,5.0,0.2,1.0,2.33,0.2,0.466,6,0.2,1.2,0,0.2,0.0,3.8,10.87,1.2,0.5,6.522
261,3.41,2,1.18,0.4,0.472,0.0,0.2,0.0,1.18,5.5,0.4,2.2,183.2,0.6,109.92,2,0.4,0.8,0,0.2,0.0,3.2,113.392,0.8,0.5,45.3568
262,21.61,32,0.61,0.2,0.122,0.63,0.2,0.126,1.24,5.0,0.2,1.0,0.0,0.2,0.0,2,0.2,0.4,0,0.2,0.0,2.0,1.648,0.4,0.5,0.3296
263,1.85,9,2.81,0.6,1.686,0.41,0.2,0.082,3.22,5.0,0.2,1.0,0.0,0.2,0.0,2,0.2,0.4,0,0.2,0.0,2.4,3.168,0.4,0.5,0.6336
266,2.72,19,1.56,0.4,0.624,14.64,0.4,5.856,16.2,5.0,0.2,1.0,25.97,0.6,15.582,2,0.2,0.4,0,0.2,0.0,3.2,23.462,0.4,0.5,4.6924
268,55.57,19,1.1,0.4,0.44,0.0,0.2,0.0,1.1,5.0,0.2,1.0,0.0,0.2,0.0,2,0.2,0.4,0,0.2,0.0,2.2,1.84,0.4,0.5,0.368
269,3.89,12,0.0,0.2,0.0,0.07,0.2,0.014,0.07,5.0,0.2,1.0,0.0,0.2,0.0,2,0.2,0.4,0,0.2,0.0,2.0,1.414,0.4,0.5,0.2828
271,3.89,37,1.81,0.4,0.724,1.03,0.2,0.206,2.84,5.0,0.2,1.0,0.0,0.2,0.0,2,0.2,0.4,0,0.2,0.0,2.2,2.33,0.4,0.5,0.466
272,55.57,2,0.74,0.2,0.148,0.0,0.2,0.0,0.74,5.0,0.2,1.0,0.0,0.2,0.0,6,0.2,1.2,0,0.2,0.0,2.4,2.348,1.2,0.5,1.4088
273,21.61,31,0.0,0.2,0.0,0.0,0.2,0.0,0.0,5.0,0.2,1.0,0.03,0.2,0.006,2,0.2,0.4,0,0.2,0.0,2.0,1.406,0.4,0.5,0.2812
274,55.57,5,0.51,0.2,0.102,0.03,0.2,0.006,0.54,5.0,0.2,1.0,0.0,0.2,0.0,2,0.2,0.4,0,0.2,0.0,2.0,1.508,0.4,0.5,0.3016
276,55.57,19,1.07,0.4,0.428,0.16,0.2,0.032,1.23,5.0,0.2,1.0,0.0,0.2,0.0,2,0.2,0.4,0,0.2,0.0,2.2,1.86,0.4,0.5,0.372
277,3.89,8,0.0,0.2,0.0,3.98,0.2,0.796,3.98,6.0,0.6,3.6,53.34,0.6,32.004,2,0.2,0.4,0,0.2,0.0,3.2,36.8,0.4,0.5,7.36
278,3.89,21,0.0,0.2,0.0,15.38,0.6,9.228,15.38,5.0,0.2,1.0,126.13,0.6,75.678,2,0.2,0.4,0,0.2,0.0,3.6,86.306,0.4,0.5,17.2612
279,55.57,14,1.48,0.4,0.592,4.48,0.6,2.688,5.96,5.0,0.2,1.0,0.0,0.2,0.0,2,0.2,0.4,0,0.2,0.0,3.4,4.68,0.4,0.5,0.936
280,55.57,8,1.14,0.4,0.456,0.0,0.2,0.0,1.14,5.0,0.2,1.0,0.0,0.2,0.0,4,0.2,0.8,0,0.2,0.0,2.4,2.256,0.8,0.5,0.9024
281,3.89,8,15.38,0.6,9.228,40.14,0.6,24.084,55.52,5.0,0.2,1.0,0.96,0.2,0.192,2,0.4,0.8,1,0.4,0.4,4.0,35.704,1.2,0.5,21.4224
283,55.57,9,0.67,0.2,0.134,1.71,0.4,0.684,2.38,5.0,0.2,1.0,0.0,0.2,0.0,2,0.2,0.4,0,0.2,0.0,2.6,2.218,0.4,0.5,0.4436
286,59.85,15,0.0,0.2,0.0,0.0,0.2,0.0,0.0,5.0,0.2,1.0,2.39,0.2,0.478,2,0.2,0.4,0,0.2,0.0,2.0,1.878,0.4,0.5,0.3756
287,3.89,21,0.0,0.2,0.0,20.71,0.6,12.426,20.71,5.0,0.2,1.0,20.79,0.6,12.474,2,0.2,0.4,2,0.6,1.2,4.0,27.5,1.6,0.5,22.0
288,1.99,2,57.03,0.6,34.218,134.33,0.6,80.598,191.36,5.0,0.2,1.0,844.37,0.6,506.622,2,0.2,0.4,0,0.2,0.0,4.0,622.838,0.4,0.5,124.5676
289,3.89,3,5.31,0.6,3.186,22.79,0.6,13.674,28.1,5.0,0.2,1.0,205.19,0.6,123.114,2,0.2,0.4,1,0.4,0.4,4.2,141.774,0.8,0.5,56.7096
290,55.57,6,0.0,0.2,0.0,0.0,0.2,0.0,0.0,5.0,0.2,1.0,0.02,0.2,0.004,2,0.2,0.4,0,0.2,0.0,2.0,1.404,0.4,0.5,0.2808
291,3.89,19,11.95,0.6,7.17,30.9,0.6,18.54,42.85,5.0,0.2,1.0,32.68,0.6,19.608,2,0.2,0.4,0,0.2,0.0,4.0,46.718,0.4,0.5,9.3436
292,2.37,8,3.81,0.6,2.286,11.52,0.6,6.912,15.33,5.0,0.2,1.0,3.25,0.2,0.65,4,0.2,0.8,0,0.2,0.0,3.8,11.648,0.8,0.5,4.6592
293,3.41,16,11.73,0.6,7.038,85.87,0.6,51.522,97.6,5.0,0.2,1.0,6.96,0.4,2.784,2,0.2,0.4,1,0.4,0.4,4.0,63.144,0.8,0.5,25.2576
294,55.57,25,0.0,0.2,0.0,0.0,0.2,0.0,0.0,5.0,0.2,1.0,0.0,0.2,0.0,2,0.2,0.4,0,0.2,0.0,2.0,1.4,0.4,0.5,0.28
295,1.99,32,1.23,0.4,0.492,0.0,0.2,0.0,1.23,5.0,0.2,1.0,0.11,0.2,0.022,2,0.2,0.4,0,0.2,0.0,2.2,1.914,0.4,0.5,0.3828
296,1.99,19,3.02,0.6,1.812,0.0,0.2,0.0,3.02,5.0,0.2,1.0,0.0,0.2,0.0,6,0.2,1.2,0,0.2,0.0,2.8,4.012,1.2,0.5,2.4072
298,55.57,8,0.0,0.2,0.0,0.0,0.2,0.0,0.0,5.0,0.2,1.0,0.0,0.2,0.0,2,0.2,0.4,0,0.2,0.0,2.0,1.4,0.4,0.5,0.28
300,2.72,1,1.14,0.4,0.456,0.0,0.2,0.0,1.14,5.0,0.2,1.0,0.71,0.2,0.142,2,0.2,0.4,0,0.2,0.0,2.2,1.998,0.4,0.5,0.3996
301,3.41,38,1.35,0.4,0.54,33.25,0.6,19.95,34.6,5.5,0.4,2.2,20.62,0.6,12.372,2,0.2,0.4,0,0.2,0.0,4.2,35.462,0.4,0.5,7.0924
302,55.57,8,0.67,0.2,0.134,0.41,0.2,0.082,1.08,5.0,0.2,1.0,0.99,0.2,0.198,4,0.2,0.8,0,0.2,0.0,2.2,2.214,0.8,0.5,0.8856
303,2.37,16,0.38,0.2,0.076,0.85,0.2,0.17,1.23,5.0,0.2,1.0,0.04,0.2,0.008,2,0.2,0.4,0,0.2,0.0,2.0,1.654,0.4,0.5,0.3308
305,1.85,15,3.83,0.6,2.298,0.28,0.2,0.056,4.11,5.0,0.2,1.0,0.0,0.2,0.0,2,0.2,0.4,0,0.2,0.0,2.4,3.754,0.4,0.5,0.7508
306,21.61,22,0.37,0.2,0.074,0.46,0.2,0.092,0.83,5.0,0.2,1.0,0.0,0.2,0.0,2,0.2,0.4,0,0.2,0.0,2.0,1.566,0.4,0.5,0.3132
309,3.89,11,6.67,0.6,4.002,18.02,0.6,10.812,24.69,5.5,0.4,2.2,4.95,0.2,0.99,2,0.2,0.4,2,0.6,1.2,4.4,19.604,1.6,0.5,15.6832
311,21.61,12,0.19,0.2,0.038,0.23,0.2,0.046,0.42,5.0,0.2,1.0,0.0,0.2,0.0,2,0.2,0.4,0,0.2,0.0,2.0,1.484,0.4,0.5,0.2968
312,3.89,37,4.86,0.6,2.916,46.78,0.6,28.068,51.64,5.5,0.4,2.2,63.18,0.6,37.908,2,0.2,0.4,0,0.2,0.0,4.4,71.492,0.4,0.5,14.2984
313,2.37,12,0.47,0.2,0.094,0.29,0.2,0.058,0.76,5.0,0.2,1.0,0.07,0.2,0.014,2,0.2,0.4,0,0.2,0.0,2.0,1.566,0.4,0.5,0.3132
314,1.85,19,9.14,0.6,5.484,1.22,0.4,0.488,10.36,5.0,0.2,1.0,0.0,0.2,0.0,6,0.2,1.2,0,0.2,0.0,3.4,8.172,1.2,0.5,4.9032
315,55.57,11,0.41,0.2,0.082,0.11,0.2,0.022,0.52,5.0,0.2,1.0,0.0,0.2,0.0,2,0.2,0.4,0,0.2,0.0,2.0,1.504,0.4,0.5,0.3008
316,3.41,9,12.28,0.6,7.368,20.62,0.6,12.372,32.9,5.0,0.2,1.0,10.16,0.6,6.096,2,0.2,0.4,1,0.4,0.4,4.2,27.636,0.8,0.5,11.0544
318,21.61,8,0.29,0.2,0.058,0.33,0.2,0.066,0.62,5.0,0.2,1.0,0.0,0.2,0.0,2,0.2,0.4,0,0.2,0.0,2.0,1.524,0.4,0.5,0.3048
319,3.89,5,0.0,0.2,0.0,2.97,0.2,0.594,2.97,5.0,0.2,1.0,2.84,0.2,0.568,2,0.2,0.4,0,0.2,0.0,2.0,2.562,0.4,0.5,0.5124
320,2.72,12,7.42,0.6,4.452,115.87,0.6,69.522,123.29,6.0,0.6,3.6,6.79,0.4,2.716,2,0.2,0.4,1,0.4,0.4,4.8,81.09,0.8,0.5,32.436
321,2.72,19,3.9,0.6,2.34,27.92,0.6,16.752,31.82,5.0,0.2,1.0,47.6,0.6,28.56,2,0.2,0.4,0,0.2,0.0,4.0,49.052,0.4,0.5,9.8104
322,3.41,9,6.93,0.6,4.158,70.26,0.6,42.156,77.19,5.0,0.2,1.0,9.73,0.4,3.892,2,0.2,0.4,0,0.2,0.0,3.8,51.606,0.4,0.5,10.3212
323,3.89,37,4.18,0.6,2.508,4.83,0.2,0.966,9.01,5.5,0.4,2.2,14.03,0.6,8.418,2,0.2,0.4,0,0.2,0.0,3.2,14.492,0.4,0.5,2.8984
324,2.72,39,4.05,0.6,2.43,21.66,0.6,12.996,25.71,5.5,0.4,2.2,18.45,0.6,11.07,2,0.2,0.4,0,0.2,0.0,4.4,29.096,0.4,0.5,5.8192
325,21.61,18,0.54,0.2,0.108,0.56,0.2,0.112,1.1,5.0,0.2,1.0,0.8,0.2,0.16,2,0.2,0.4,0,0.2,0.0,2.0,1.78,0.4,0.5,0.356
326,1.99,8,1.14,0.4,0.456,0.0,0.2,0.0,1.14,5.0,0.2,1.0,41.82,0.6,25.092,2,0.2,0.4,0,0.2,0.0,2.6,26.948,0.4,0.5,5.3896
327,21.61,19,0.31,0.2,0.062,0.28,0.2,0.056,0.59,5.0,0.2,1.0,0.0,0.2,0.0,2,0.2,0.4,0,0.2,0.0,2.0,1.518,0.4,0.5,0.3036
328,2.72,19,2.13,0.6,1.278,0.59,0.2,0.118,2.72,5.0,0.2,1.0,0.76,0.2,0.152,2,0.2,0.4,0,0.2,0.0,2.4,2.948,0.4,0.5,0.5896
329,3.41,29,1.1,0.4,0.44,87.71,0.6,52.626,88.81,5.5,0.4,2.2,34.32,0.6,20.592,2,0.2,0.4,0,0.2,0.0,4.2,76.258,0.4,0.5,15.2516
331,3.89,15,1.0,0.4,0.4,0.0,0.2,0.0,1.0,5.0,0.2,1.0,0.36,0.2,0.072,2,0.2,0.4,0,0.2,0.0,2.2,1.872,0.4,0.5,0.3744
333,1.85,13,0.25,0.2,0.05,1.8,0.4,0.72,2.05,5.0,0.2,1.0,0.74,0.2,0.148,2,0.2,0.4,0,0.2,0.0,2.6,2.318,0.4,0.5,0.4636
334,3.89,32,0.01,0.2,0.002,1.29,0.2,0.258,1.3,5.5,0.4,2.2,36.52,0.6,21.912,4,0.2,0.8,0,0.2,0.0,3.0,25.172,0.8,0.5,10.0688
336,55.57,21,0.09,0.2,0.018,0.0,0.2,0.0,0.09,5.0,0.2,1.0,0.0,0.2,0.0,2,0.2,0.4,0,0.2,0.0,2.0,1.418,0.4,0.5,0.2836
337,3.41,13,1.97,0.4,0.788,30.25,0.6,18.15,32.22,5.0,0.2,1.0,0.68,0.2,0.136,2,0.2,0.4,0,0.2,0.0,3.4,20.474,0.4,0.5,4.0948
338,2.72,11,1.13,0.4,0.452,0.0,0.2,0.0,1.13,5.0,0.2,1.0,0.02,0.2,0.004,2,0.2,0.4,0,0.2,0.0,2.2,1.856,0.4,0.5,0.3712
339,3.41,18,0.0,0.2,0.0,0.0,0.2,0.0,0.0,5.0,0.2,1.0,0.0,0.2,0.0,4,0.2,0.8,0,0.2,0.0,2.2,1.8,0.8,0.5,0.72
341,55.57,4,1.2,0.4,0.48,0.54,0.2,0.108,1.74,5.0,0.2,1.0,0.45,0.2,0.09,2,0.2,0.4,0,0.2,0.0,2.2,2.078,0.4,0.5,0.4156
343,55.57,5,0.0,0.2,0.0,0.0,0.2,0.0,0.0,5.0,0.2,1.0,0.01,0.2,0.002,2,0.2,0.4,0,0.2,0.0,2.0,1.402,0.4,0.5,0.2804
344,55.57,8,0.33,0.2,0.066,0.0013,0.2,0.00026,0.3313,5.0,0.2,1.0,0.0,0.2,0.0,2,0.2,0.4,0,0.2,0.0,2.0,1.46626,0.4,0.5,0.293252
345,55.57,6,0.38,0.2,0.076,0.49,0.2,0.098,0.87,5.0,0.2,1.0,0.0,0.2,0.0,2,0.2,0.4,0,0.2,0.0,2.0,1.574,0.4,0.5,0.3148
346,55.57,13,0.0,0.2,0.0,1.16,0.4,0.464,1.16,5.0,0.2,1.0,0.0,0.2,0.0,2,0.2,0.4,0,0.2,0.0,2.6,1.864,0.4,0.5,0.3728
347,2.72,2,4.28,0.6,2.568,1264.63,0.6,758.778,1268.91,5.5,0.4,2.2,58.86,0.6,35.316,6,0.2,1.2,2,0.6,1.2,5.2,801.262,2.4,0.5,961.5144
348,3.89,6,0.0,0.2,0.0,0.08,0.2,0.016,0.08,5.0,0.2,1.0,0.0,0.2,0.0,2,0.2,0.4,0,0.2,0.0,2.0,1.416,0.4,0.5,0.2832
351,3.89,22,0.0,0.2,0.0,0.93,0.2,0.186,0.93,5.0,0.2,1.0,7.78,0.4,3.112,2,0.2,0.4,0,0.2,0.0,2.2,4.698,0.4,0.5,0.9396
352,3.41,8,3.08,0.6,1.848,60.78,0.6,36.468,63.86,5.0,0.2,1.0,0.36,0.2,0.072,2,0.2,0.4,0,0.2,0.0,3.6,39.788,0.4,0.5,7.9576
353,1.99,11,1.27,0.4,0.508,0.0,0.2,0.0,1.27,5.0,0.2,1.0,175.9,0.6,105.54,2,0.2,0.4,0,0.2,0.0,2.6,107.448,0.4,0.5,21.4896
356,3.41,11,10.08,0.6,6.048,22.31,0.6,13.386,32.39,5.5,0.4,2.2,16.82,0.6,10.092,2,0.2,0.4,0,0.2,0.0,4.4,32.126,0.4,0.5,6.4252
358,2.37,19,0.51,0.2,0.102,0.47,0.2,0.094,0.98,5.0,0.2,1.0,0.0,0.2,0.0,2,0.2,0.4,0,0.2,0.0,2.0,1.596,0.4,0.5,0.3192
359,1.85,8,13.15,0.6,7.89,1.63,0.4,0.652,14.78,5.0,0.2,1.0,1.19,0.2,0.238,4,0.2,0.8,0,0.2,0.0,3.2,10.58,0.8,0.5,4.232
360,3.89,33,2.57,0.6,1.542,4.49,0.2,0.898,7.06,5.0,0.2,1.0,7.56,0.4,3.024,2,0.2,0.4,1,0.4,0.4,2.8,7.264,0.8,0.5,2.9056
361,1.85,4,2.48,0.6,1.488,0.1,0.2,0.02,2.58,5.0,0.2,1.0,0.0,0.2,0.0,2,0.2,0.4,0,0.2,0.0,2.4,2.908,0.4,0.5,0.5816
362,3.41,19,1.21,0.4,0.484,43.84,0.6,26.304,45.05,5.5,0.4,2.2,31.61,0.6,18.966,2,0.2,0.4,0,0.2,0.0,4.2,48.354,0.4,0.5,9.6708
364,1.85,6,8.53,0.6,5.118,0.16,0.2,0.032,8.69,5.0,0.2,1.0,0.52,0.2,0.104,2,0.4,0.8,0,0.2,0.0,2.6,7.054,0.8,0.5,2.8216
365,3.41,19,0.31,0.2,0.062,58.12,0.6,34.872,58.43,5.0,0.2,1.0,78.98,0.6,47.388,2,0.4,0.8,0,0.2,0.0,3.8,84.122,0.8,0.5,33.6488
366,2.37,2,0.76,0.2,0.152,0.34,0.2,0.068,1.1,5.0,0.2,1.0,0.0,0.2,0.0,6,0.2,1.2,0,0.2,0.0,2.4,2.42,1.2,0.5,1.452
367,55.57,15,0.69,0.2,0.138,0.81,0.2,0.162,1.5,5.0,0.2,1.0,0.0,0.2,0.0,2,0.2,0.4,0,0.2,0.0,2.0,1.7,0.4,0.5,0.34
368,2.37,5,1.54,0.4,0.616,0.46,0.2,0.092,2.0,5.0,0.2,1.0,0.57,0.2,0.114,2,0.2,0.4,0,0.2,0.0,2.2,2.222,0.4,0.5,0.4444
371,2.72,19,2.19,0.6,1.314,0.68,0.2,0.136,2.87,5.0,0.2,1.0,28.4,0.6,17.04,2,0.2,0.4,0,0.2,0.0,2.8,19.89,0.4,0.5,3.978
372,1.99,25,0.53,0.2,0.106,0.0,0.2,0.0,0.53,5.0,0.2,1.0,2.33,0.2,0.466,2,0.2,0.4,0,0.2,0.0,2.0,1.972,0.4,0.5,0.3944
373,3.41,39,1.52,0.4,0.608,37.33,0.6,22.398,38.85,5.5,0.4,2.2,63.7,0.6,38.22,2,0.2,0.4,0,0.2,0.0,4.2,63.826,0.4,0.5,12.7652
374,55.57,5,0.7,0.2,0.14,0.19,0.2,0.038,0.89,5.0,0.2,1.0,0.0,0.2,0.0,2,0.2,0.4,0,0.2,0.0,2.0,1.578,0.4,0.5,0.3156
375,59.85,1,0.0,0.2,0.0,0.0,0.2,0.0,0.0,5.0,0.2,1.0,0.0,0.2,0.0,2,0.2,0.4,0,0.2,0.0,2.0,1.4,0.4,0.5,0.28
377,1.85,11,0.44,0.2,0.088,0.62,0.2,0.124,1.06,5.0,0.2,1.0,0.64,0.2,0.128,2,0.2,0.4,0,0.2,0.0,2.0,1.74,0.4,0.5,0.348
378,1.85,16,3.67,0.6,2.202,0.18,0.2,0.036,3.85,5.0,0.2,1.0,0.0,0.2,0.0,2,0.2,0.4,0,0.2,0.0,2.4,3.638,0.4,0.5,0.7276
379,55.57,15,1.4,0.4,0.56,0.06,0.2,0.012,1.46,5.0,0.2,1.0,0.0,0.2,0.0,2,0.2,0.4,0,0.2,0.0,2.2,1.972,0.4,0.5,0.3944
380,1.85,9,7.07,0.6,4.242,0.72,0.2,0.144,7.79,5.0,0.2,1.0,0.0,0.2,0.0,2,0.2,0.4,0,0.2,0.0,2.4,5.786,0.4,0.5,1.1572
381,3.89,29,12.27,0.6,7.362,72.46,0.6,43.476,84.73,5.0,0.2,1.0,5.69,0.4,2.276,2,0.2,0.4,0,0.2,0.0,3.8,54.514,0.4,0.5,10.9028
382,3.89,15,5.23,0.6,3.138,5.89,0.4,2.356,11.12,5.0,0.2,1.0,19.4,0.6,11.64,2,0.2,0.4,0,0.2,0.0,3.4,18.534,0.4,0.5,3.7068
384,3.89,13,2.63,0.6,1.578,2.55,0.2,0.51,5.18,5.0,0.2,1.0,0.0,0.2,0.0,2,0.2,0.4,0,0.2,0.0,2.4,3.488,0.4,0.5,0.6976
385,55.57,12,3.1,0.6,1.86,4.66,0.6,2.796,7.76,5.0,0.2,1.0,0.59,0.2,0.118,2,0.2,0.4,0,0.2,0.0,3.6,6.174,0.4,0.5,1.2348
387,55.57,22,0.0,0.2,0.0,0.0,0.2,0.0,0.0,5.0,0.2,1.0,0.0,0.2,0.0,2,0.2,0.4,0,0.2,0.0,2.0,1.4,0.4,0.5,0.28
388,3.89,29,4.24,0.6,2.544,8.06,0.4,3.224,12.3,5.0,0.2,1.0,10.69,0.6,6.414,2,0.2,0.4,0,0.2,0.0,3.4,13.582,0.4,0.5,2.7164
389,59.85,21,0.21,0.2,0.042,0.0,0.2,0.0,0.21,5.0,0.2,1.0,0.33,0.2,0.066,4,0.2,0.8,0,0.2,0.0,2.2,1.908,0.8,0.5,0.7632
390,3.89,5,0.0,0.2,0.0,0.94,0.2,0.188,0.94,5.0,0.2,1.0,0.9,0.2,0.18,2,0.2,0.4,0,0.2,0.0,2.0,1.768,0.4,0.5,0.3536
391,55.57,4,0.32,0.2,0.064,0.0,0.2,0.0,0.32,5.0,0.2,1.0,0.0,0.2,0.0,2,0.4,0.8,0,0.2,0.0,2.2,1.864,0.8,0.5,0.7456
392,3.89,12,1.07,0.4,0.428,0.0,0.2,0.0,1.07,5.0,0.2,1.0,0.0,0.2,0.0,2,0.2,0.4,0,0.2,0.0,2.2,1.828,0.4,0.5,0.3656
393,1.85,22,3.92,0.6,2.352,1.08,0.4,0.432,5.0,5.0,0.2,1.0,0.0,0.2,0.0,2,0.2,0.4,0,0.2,0.0,3.0,4.184,0.4,0.5,0.8368
394,55.57,8,1.7,0.4,0.68,5.91,0.6,3.546,7.61,5.0,0.2,1.0,3.68,0.2,0.736,4,0.2,0.8,0,0.2,0.0,3.6,6.762,0.8,0.5,2.7048
395,55.57,8,0.6,0.2,0.12,0.0,0.2,0.0,0.6,5.0,0.2,1.0,0.0,0.2,0.0,2,0.2,0.4,0,0.2,0.0,2.0,1.52,0.4,0.5,0.304
396,2.37,8,0.66,0.2,0.132,1.37,0.4,0.548,2.03,5.0,0.2,1.0,0.84,0.2,0.168,4,0.2,0.8,0,0.2,0.0,2.8,2.648,0.8,0.5,1.0592
397,2.37,2,2.18,0.6,1.308,0.93,0.2,0.186,3.11,5.0,0.2,1.0,0.0,0.2,0.0,6,0.2,1.2,0,0.2,0.0,2.8,3.694,1.2,0.5,2.2164
398,3.89,6,0.51,0.2,0.102,0.23,0.2,0.046,0.74,5.0,0.2,1.0,0.0,0.2,0.0,2,0.2,0.4,0,0.2,0.0,2.0,1.548,0.4,0.5,0.3096
399,2.37,15,2.6,0.6,1.56,1.14,0.4,0.456,3.74,5.0,0.2,1.0,8.76,0.4,3.504,2,0.2,0.4,1,0.4,0.4,3.4,7.32,0.8,0.5,2.928
400,3.89,8,5.43,0.6,3.258,10.77,0.6,6.462,16.2,5.0,0.2,1.0,4.42,0.2,0.884,2,0.2,0.4,0,0.2,0.0,3.6,12.004,0.4,0.5,2.4008
401,55.57,6,0.11,0.2,0.022,0.0,0.2,0.0,0.11,5.0,0.2,1.0,0.0,0.2,0.0,2,0.2,0.4,0,0.2,0.0,2.0,1.422,0.4,0.5,0.2844
402,55.57,15,1.12,0.4,0.448,0.0,0.2,0.0,1.12,5.0,0.2,1.0,0.0,0.2,0.0,2,0.2,0.4,0,0.2,0.0,2.2,1.848,0.4,0.5,0.3696
403,3.41,8,1.12,0.4,0.448,0.0,0.2,0.0,1.12,5.0,0.2,1.0,0.0,0.2,0.0,2,0.2,0.4,0,0.2,0.0,2.2,1.848,0.4,0.5,0.3696
404,2.37,31,0.96,0.2,0.192,0.12,0.2,0.024,1.08,5.0,0.2,1.0,0.22,0.2,0.044,2,0.2,0.4,0,0.2,0.0,2.0,1.66,0.4,0.5,0.332
405,55.57,12,0.61,0.2,0.122,0.0,0.2,0.0,0.61,5.0,0.2,1.0,0.0,0.2,0.0,2,0.2,0.4,0,0.2,0.0,2.0,1.522,0.4,0.5,0.3044
406,1.85,6,0.47,0.2,0.094,1.59,0.4,0.636,2.06,5.0,0.2,1.0,1.24,0.2,0.248,2,0.2,0.4,0,0.2,0.0,2.6,2.378,0.4,0.5,0.4756
407,3.41,29,12.29,0.6,7.374,25.74,0.6,15.444,38.03,5.0,0.2,1.0,22.1,0.6,13.26,2,0.4,0.8,0,0.2,0.0,4.2,37.878,0.8,0.5,15.1512
408,1.99,13,1.56,0.4,0.624,0.0,0.2,0.0,1.56,5.0,0.2,1.0,0.1,0.2,0.02,2,0.2,0.4,0,0.2,0.0,2.2,2.044,0.4,0.5,0.4088
409,55.57,8,0.84,0.2,0.168,0.0,0.2,0.0,0.84,5.0,0.2,1.0,0.0,0.2,0.0,4,0.2,0.8,0,0.2,0.0,2.2,1.968,0.8,0.5,0.7872
410,55.57,8,1.67,0.4,0.668,0.0,0.2,0.0,1.67,5.0,0.2,1.0,0.06,0.2,0.012,4,0.2,0.8,0,0.2,0.0,2.4,2.48,0.8,0.5,0.992
412,1.99,22,1.1,0.4,0.44,0.0,0.2,0.0,1.1,5.0,0.2,1.0,0.0,0.2,0.0,2,0.2,0.4,0,0.2,0.0,2.2,1.84,0.4,0.5,0.368
413,2.37,8,1.25,0.4,0.5,0.02,0.2,0.004,1.27,5.0,0.2,1.0,0.82,0.2,0.164,2,0.2,0.4,0,0.2,0.0,2.2,2.068,0.4,0.5,0.4136
414,21.61,16,0.27,0.2,0.054,0.35,0.2,0.07,0.62,5.0,0.2,1.0,0.0,0.2,0.0,2,0.2,0.4,0,0.2,0.0,2.0,1.524,0.4,0.5,0.3048
415,3.41,6,0.43,0.2,0.086,0.0,0.2,0.0,0.43,5.0,0.2,1.0,0.0,0.2,0.0,2,0.2,0.4,0,0.2,0.0,2.0,1.486,0.4,0.5,0.2972
416,55.57,19,3.14,0.6,1.884,4.97,0.6,2.982,8.11,5.0,0.2,1.0,6.41,0.4,2.564,2,0.2,0.4,1,0.4,0.4,4.0,9.23,0.8,0.5,3.692
417,1.99,8,0.45,0.2,0.09,0.0,0.2,0.0,0.45,5.0,0.2,1.0,0.0,0.2,0.0,2,0.2,0.4,0,0.2,0.0,2.0,1.49,0.4,0.5,0.298
418,2.37,4,1.86,0.4,0.744,4.51,0.6,2.706,6.37,5.0,0.2,1.0,7.27,0.4,2.908,2,0.2,0.4,0,0.2,0.0,3.6,7.758,0.4,0.5,1.5516
419,17.68,1,2.52,0.6,1.512,20.28,0.6,12.168,22.8,5.0,0.2,1.0,70.56,0.6,42.336,6,0.2,1.2,0,0.2,0.0,4.4,58.216,1.2,0.5,34.9296
420,2.72,5,7.43,0.6,4.458,79.5,0.6,47.7,86.93,5.0,0.2,1.0,102.39,0.6,61.434,2,0.2,0.4,0,0.2,0.0,4.0,114.992,0.4,0.5,22.9984
421,55.57,8,0.95,0.2,0.19,0.72,0.2,0.144,1.67,5.0,0.2,1.0,0.0,0.2,0.0,4,0.2,0.8,0,0.2,0.0,2.2,2.134,0.8,0.5,0.8536
422,59.85,5,0.0,0.2,0.0,0.0,0.2,0.0,0.0,5.0,0.2,1.0,1.44,0.2,0.288,2,0.2,0.4,0,0.2,0.0,2.0,1.688,0.4,0.5,0.3376
423,3.89,5,0.0,0.2,0.0,0.05,0.2,0.01,0.05,5.0,0.2,1.0,152.41,0.6,91.446,2,0.2,0.4,0,0.2,0.0,2.4,92.856,0.4,0.5,18.5712
424,1.85,2,0.17,0.2,0.034,0.11,0.2,0.022,0.28,5.0,0.2,1.0,0.0,0.2,0.0,2,0.2,0.4,0,0.2,0.0,2.0,1.456,0.4,0.5,0.2912
425,3.89,12,8.81,0.6,5.286,9.02,0.4,3.608,17.83,5.0,0.2,1.0,215.31,0.6,129.186,2,0.2,0.4,1,0.4,0.4,3.6,139.88,0.8,0.5,55.952
426,2.72,8,5.61,0.6,3.366,99.33,0.6,59.598,104.94,6.5,0.6,3.9,76.47,0.6,45.882,2,0.2,0.4,0,0.2,0.0,4.8,113.146,0.4,0.5,22.6292
427,1.85,8,7.02,0.6,4.212,1.77,0.4,0.708,8.79,5.0,0.2,1.0,0.0,0.2,0.0,4,0.2,0.8,0,0.2,0.0,3.2,6.72,0.8,0.5,2.688
428,55.57,14,0.24,0.2,0.048,0.04,0.2,0.008,0.28,5.0,0.2,1.0,0.0,0.2,0.0,2,0.2,0.4,0,0.2,0.0,2.0,1.456,0.4,0.5,0.2912
430,3.41,35,13.06,0.6,7.836,45.42,0.6,27.252,58.48,5.0,0.2,1.0,10.4,0.6,6.24,2,0.2,0.4,0,0.2,0.0,4.0,42.728,0.4,0.5,8.5456
431,3.41,9,17.26,0.6,10.356,44.22,0.6,26.532,61.48,5.0,0.2,1.0,27.68,0.6,16.608,2,0.2,0.4,1,0.4,0.4,4.2,55.296,0.8,0.5,22.1184
432,3.89,8,0.0,0.2,0.0,0.84,0.2,0.168,0.84,5.0,0.2,1.0,0.007,0.2,0.0014,2,0.2,0.4,0,0.2,0.0,2.0,1.5694,0.4,0.5,0.31388
433,1.85,9,5.0,0.6,3.0,0.54,0.2,0.108,5.54,5.0,0.2,1.0,0.0,0.2,0.0,2,0.2,0.4,0,0.2,0.0,2.4,4.508,0.4,0.5,0.9016
434,55.57,5,0.49,0.2,0.098,0.0,0.2,0.0,0.49,5.0,0.2,1.0,0.02,0.2,0.004,2,0.2,0.4,0,0.2,0.0,2.0,1.502,0.4,0.5,0.3004
437,2.72,15,2.13,0.6,1.278,42.64,0.6,25.584,44.77,5.0,0.2,1.0,18.24,0.6,10.944,2,0.2,0.4,0,0.2,0.0,4.0,39.206,0.4,0.5,7.8412
439,2.37,2,1.66,0.4,0.664,0.83,0.2,0.166,2.49,5.0,0.2,1.0,0.31,0.2,0.062,6,0.2,1.2,0,0.2,0.0,2.6,3.092,1.2,0.5,1.8552
440,55.57,16,1.19,0.4,0.476,0.0,0.2,0.0,1.19,5.0,0.2,1.0,0.0,0.2,0.0,2,0.2,0.4,0,0.2,0.0,2.2,1.876,0.4,0.5,0.3752
442,3.89,32,1.22,0.4,0.488,0.06,0.2,0.012,1.28,5.0,0.2,1.0,0.0,0.2,0.0,4,0.2,0.8,0,0.2,0.0,2.4,2.3,0.8,0.5,0.92
443,2.72,38,4.6,0.6,2.76,54.99,0.6,32.994,59.59,5.0,0.2,1.0,14.1,0.6,8.46,2,0.2,0.4,0,0.2,0.0,4.0,45.614,0.4,0.5,9.1228
444,1.99,16,1.82,0.4,0.728,0.0,0.2,0.0,1.82,5.0,0.2,1.0,85.13,0.6,51.078,4,0.2,0.8,0,0.2,0.0,2.8,53.606,0.8,0.5,21.4424
445,2.72,4,1.73,0.4,0.692,5.64,0.4,2.256,7.37,5.0,0.2,1.0,13.35,0.6,8.01,2,0.2,0.4,0,0.2,0.0,3.2,12.358,0.4,0.5,2.4716
446,55.57,43,0.0,0.2,0.0,0.0,0.2,0.0,0.0,5.0,0.2,1.0,0.0,0.2,0.0,2,0.2,0.4,0,0.2,0.0,2.0,1.4,0.4,0.5,0.28
447,2.37,5,2.22,0.6,1.332,3.4,0.6,2.04,5.62,5.0,0.2,1.0,26.28,0.6,15.768,2,0.2,0.4,1,0.4,0.4,4.2,20.94,0.8,0.5,8.376
448,1.85,8,0.0,0.2,0.0,0.0,0.2,0.0,0.0,5.0,0.2,1.0,10.53,0.6,6.318,4,0.2,0.8,0,0.2,0.0,2.6,8.118,0.8,0.5,3.2472
450,1.85,8,0.21,0.2,0.042,0.0,0.2,0.0,0.21,5.0,0.2,1.0,0.0,0.2,0.0,2,0.2,0.4,0,0.2,0.0,2.0,1.442,0.4,0.5,0.2884
451,3.41,32,2.0,0.6,1.2,49.19,0.6,29.514,51.19,5.0,0.2,1.0,60.88,0.6,36.528,2,0.2,0.4,1,0.4,0.4,4.2,69.042,0.8,0.5,27.6168
453,2.72,13,5.5,0.6,3.3,93.26,0.6,55.956,98.76,5.0,0.2,1.0,14.27,0.6,8.562,2,0.2,0.4,0,0.2,0.0,4.0,69.218,0.4,0.5,13.8436
454,3.89,11,1.26,0.4,0.504,0.05,0.2,0.01,1.31,5.0,0.2,1.0,0.0,0.2,0.0,2,0.2,0.4,0,0.2,0.0,2.2,1.914,0.4,0.5,0.3828
455,2.72,31,5.45,0.6,3.27,71.09,0.6,42.654,76.54,5.5,0.4,2.2,59.18,0.6,35.508,2,0.2,0.4,0,0.2,0.0,4.4,84.032,0.4,0.5,16.8064
456,2.37,6,1.46,0.4,0.584,0.55,0.2,0.11,2.01,5.0,0.2,1.0,0.67,0.2,0.134,2,0.2,0.4,0,0.2,0.0,2.2,2.228,0.4,0.5,0.4456
457,3.41,31,0.17,0.2,0.034,0.0,0.2,0.0,0.17,5.0,0.2,1.0,0.0,0.2,0.0,2,0.2,0.4,0,0.2,0.0,2.0,1.434,0.4,0.5,0.2868
459,55.57,28,0.0,0.2,0.0,0.0,0.2,0.0,0.0,5.0,0.2,1.0,0.13,0.2,0.026,2,0.2,0.4,0,0.2,0.0,2.0,1.426,0.4,0.5,0.2852
460,55.57,11,0.82,0.2,0.164,2.92,0.6,1.752,3.74,5.0,0.2,1.0,0.0,0.2,0.0,2,0.2,0.4,0,0.2,0.0,3.2,3.316,0.4,0.5,0.6632
461,2.72,16,2.18,0.6,1.308,30.81,0.6,18.486,32.99,5.0,0.2,1.0,5.8,0.4,2.32,4,0.2,0.8,0,0.2,0.0,4.0,23.914,0.8,0.5,9.5656
462,55.57,12,0.0,0.2,0.0,0.0,0.2,0.0,0.0,5.0,0.2,1.0,0.0,0.2,0.0,2,0.2,0.4,0,0.2,0.0,2.0,1.4,0.4,0.5,0.28
464,3.89,24,6.26,0.6,3.756,14.1,0.6,8.46,20.36,5.0,0.2,1.0,34.24,0.6,20.544,2,0.2,0.4,1,0.4,0.4,4.2,34.56,0.8,0.5,13.824
465,2.37,19,1.9,0.4,0.76,7.97,0.6,4.782,9.87,5.0,0.2,1.0,8.6,0.4,3.44,2,0.2,0.4,1,0.4,0.4,3.8,10.782,0.8,0.5,4.3128
466,1.99,16,1.53,0.4,0.612,0.0,0.2,0.0,1.53,5.0,0.2,1.0,0.03,0.2,0.006,4,0.2,0.8,0,0.2,0.0,2.4,2.418,0.8,0.5,0.9672
468,3.41,15,2.86,0.6,1.716,17.09,0.6,10.254,19.95,5.5,0.4,2.2,6.88,0.4,2.752,2,0.2,0.4,0,0.2,0.0,4.2,17.322,0.4,0.5,3.4644
471,2.37,28,1.31,0.4,0.524,0.12,0.2,0.024,1.43,5.5,0.4,2.2,0.0,0.2,0.0,6,0.2,1.2,0,0.2,0.0,3.0,3.948,1.2,0.5,2.3688
472,3.89,12,0.0,0.2,0.0,0.03,0.2,0.006,0.03,5.0,0.2,1.0,0.06,0.2,0.012,2,0.2,0.4,0,0.2,0.0,2.0,1.418,0.4,0.5,0.2836
473,55.57,9,1.49,0.4,0.596,2.34,0.6,1.404,3.83,5.0,0.2,1.0,0.25,0.2,0.05,2,0.2,0.4,0,0.2,0.0,3.4,3.45,0.4,0.5,0.69
474,2.72,16,1.34,0.4,0.536,0.0,0.2,0.0,1.34,5.0,0.2,1.0,0.0,0.2,0.0,4,0.2,0.8,0,0.2,0.0,2.4,2.336,0.8,0.5,0.9344
475,55.57,15,0.0,0.2,0.0,0.0,0.2,0.0,0.0,5.0,0.2,1.0,0.0,0.2,0.0,2,0.2,0.4,0,0.2,0.0,2.0,1.4,0.4,0.5,0.28
476,3.41,37,5.22,0.6,3.132,20.94,0.6,12.564,26.16,5.0,0.2,1.0,2.44,0.2,0.488,2,0.2,0.4,0,0.2,0.0,3.6,17.584,0.4,0.5,3.5168
477,21.61,5,0.0,0.2,0.0,0.39,0.2,0.078,0.39,5.0,0.2,1.0,0.24,0.2,0.048,2,0.2,0.4,0,0.2,0.0,2.0,1.526,0.4,0.5,0.3052
478,59.85,9,0.01,0.2,0.002,0.11,0.2,0.022,0.12,5.0,0.2,1.0,1.03,0.2,0.206,2,0.2,0.4,0,0.2,0.0,2.0,1.63,0.4,0.5,0.326
479,3.41,8,1.98,0.4,0.792,67.91,0.6,40.746,69.89,5.5,0.4,2.2,18.79,0.6,11.274,2,0.2,0.4,1,0.4,0.4,4.4,55.812,0.8,0.5,22.3248
480,3.41,15,1.01,0.4,0.404,0.0,0.2,0.0,1.01,5.0,0.2,1.0,0.28,0.2,0.056,2,0.2,0.4,0,0.2,0.0,2.2,1.86,0.4,0.5,0.372
481,1.85,19,19.21,0.6,11.526,2.47,0.6,1.482,21.68,5.0,0.2,1.0,0.0,0.2,0.0,6,0.2,1.2,0,0.2,0.0,4.0,15.208,1.2,0.5,9.1248
483,3.89,21,0.0,0.2,0.0,1.02,0.2,0.204,1.02,5.0,0.2,1.0,0.0,0.2,0.0,2,0.2,0.4,0,0.2,0.0,2.0,1.604,0.4,0.5,0.3208
484,1.85,12,2.89,0.6,1.734,0.11,0.2,0.022,3.0,5.0,0.2,1.0,0.04,0.2,0.008,2,0.2,0.4,0,0.2,0.0,2.4,3.164,0.4,0.5,0.6328
485,55.57,8,0.0,0.2,0.0,0.0,0.2,0.0,0.0,5.0,0.2,1.0,0.0,0.2,0.0,2,0.2,0.4,0,0.2,0.0,2.0,1.4,0.4,0.5,0.28
486,21.61,16,0.37,0.2,0.074,0.1,0.2,0.02,0.47,5.0,0.2,1.0,0.0,0.2,0.0,2,0.2,0.4,0,0.2,0.0,2.0,1.494,0.4,0.5,0.2988
487,3.89,19,7.97,0.6,4.782,17.18,0.6,10.308,25.15,5.0,0.2,1.0,935.03,0.6,561.018,2,0.2,0.4,0,0.2,0.0,4.0,577.508,0.4,0.5,115.5016
488,55.57,32,0.5,0.2,0.1,2.97,0.6,1.782,3.47,5.0,0.2,1.0,0.18,0.2,0.036,2,0.2,0.4,0,0.2,0.0,3.2,3.318,0.4,0.5,0.6636
490,55.57,22,0.07,0.2,0.014,0.0,0.2,0.0,0.07,5.0,0.2,1.0,0.0,0.2,0.0,2,0.2,0.4,0,0.2,0.0,2.0,1.414,0.4,0.5,0.2828
491,55.57,8,0.0,0.2,0.0,5.24,0.6,3.144,5.24,5.0,0.2,1.0,0.0,0.2,0.0,2,0.2,0.4,0,0.2,0.0,3.2,4.544,0.4,0.5,0.9088
492,55.57,8,1.05,0.4,0.42,2.17,0.6,1.302,3.22,5.0,0.2,1.0,0.0,0.2,0.0,4,0.2,0.8,0,0.2,0.0,3.6,3.522,0.8,0.5,1.4088
493,55.57,12,1.08,0.4,0.432,0.0,0.2,0.0,1.08,5.0,0.2,1.0,0.0,0.2,0.0,2,0.2,0.4,0,0.2,0.0,2.2,1.832,0.4,0.5,0.3664
494,3.89,16,15.72,0.6,9.432,57.94,0.6,34.764,73.66,6.0,0.6,3.6,10.79,0.6,6.474,6,0.2,1.2,0,0.2,0.0,5.2,55.47,1.2,0.5,33.282
495,3.89,16,1.33,0.4,0.532,0.0,0.2,0.0,1.33,5.0,0.2,1.0,0.2,0.2,0.04,6,0.2,1.2,0,0.2,0.0,2.6,2.772,1.2,0.5,1.6632
496,3.41,8,8.03,0.6,4.818,94.43,0.6,56.658,102.46,5.5,0.4,2.2,10.65,0.6,6.39,2,0.2,0.4,2,0.6,1.2,4.8,71.666,1.6,0.5,57.3328
497,2.72,8,0.0,0.2,0.0,0.62,0.2,0.124,0.62,5.0,0.2,1.0,0.0,0.2,0.0,2,0.2,0.4,0,0.2,0.0,2.0,1.524,0.4,0.5,0.3048
498,55.57,5,0.0,0.2,0.0,0.0,0.2,0.0,0.0,5.0,0.2,1.0,0.0,0.2,0.0,2,0.2,0.4,0,0.2,0.0,2.0,1.4,0.4,0.5,0.28
500,1.85,32,0.78,0.2,0.156,0.97,0.2,0.194,1.75,5.0,0.2,1.0,0.97,0.2,0.194,2,0.2,0.4,0,0.2,0.0,2.0,1.944,0.4,0.5,0.3888
501,1.99,13,0.0,0.2,0.0,0.0,0.2,0.0,0.0,5.0,0.2,1.0,0.0,0.2,0.0,2,0.2,0.4,0,0.2,0.0,2.0,1.4,0.4,0.5,0.28
502,55.57,29,0.41,0.2,0.082,0.0,0.2,0.0,0.41,5.0,0.2,1.0,0.0,0.2,0.0,2,0.2,0.4,0,0.2,0.0,2.0,1.482,0.4,0.5,0.2964
503,55.57,4,0.26,0.2,0.052,0.21,0.2,0.042,0.47,5.0,0.2,1.0,0.05,0.2,0.01,2,0.2,0.4,0,0.2,0.0,2.0,1.504,0.4,0.5,0.3008
504,55.57,14,0.21,0.2,0.042,0.0,0.2,0.0,0.21,5.0,0.2,1.0,0.0,0.2,0.0,2,0.2,0.4,0,0.2,0.0,2.0,1.442,0.4,0.5,0.2884
506,55.57,16,0.74,0.2,0.148,0.0,0.2,0.0,0.74,5.0,0.2,1.0,2.4,0.2,0.48,2,0.2,0.4,0,0.2,0.0,2.0,2.028,0.4,0.5,0.4056
507,1.85,32,7.09,0.6,4.254,1.95,0.4,0.78,9.04,5.0,0.2,1.0,0.0,0.2,0.0,2,0.2,0.4,0,0.2,0.0,3.0,6.434,0.4,0.5,1.2868
510,1.85,19,0.18,0.2,0.036,0.0,0.2,0.0,0.18,5.0,0.2,1.0,0.0,0.2,0.0,6,0.4,2.4,0,0.2,0.0,2.6,3.436,2.4,0.5,4.1232
511,59.85,19,0.03,0.2,0.006,0.0,0.2,0.0,0.03,5.0,0.2,1.0,1.66,0.2,0.332,2,0.2,0.4,0,0.2,0.0,2.0,1.738,0.4,0.5,0.3476
512,55.57,12,0.62,0.2,0.124,0.47,0.2,0.094,1.09,5.0,0.2,1.0,0.58,0.2,0.116,2,0.2,0.4,0,0.2,0.0,2.0,1.734,0.4,0.5,0.3468
513,59.85,32,0.0,0.2,0.0,0.0,0.2,0.0,0.0,5.0,0.2,1.0,0.0,0.2,0.0,2,0.2,0.4,0,0.2,0.0,2.0,1.4,0.4,0.5,0.28
514,21.61,4,0.67,0.2,0.134,0.76,0.2,0.152,1.43,5.0,0.2,1.0,0.0,0.2,0.0,2,0.2,0.4,0,0.2,0.0,2.0,1.686,0.4,0.5,0.3372
515,1.85,31,3.05,0.6,1.83,0.05,0.2,0.01,3.1,5.0,0.2,1.0,0.0,0.2,0.0,2,0.2,0.4,0,0.2,0.0,2.4,3.24,0.4,0.5,0.648
517,55.57,8,1.08,0.4,0.432,0.92,0.2,0.184,2.0,5.0,0.2,1.0,0.04,0.2,0.008,2,0.2,0.4,0,0.2,0.0,2.2,2.024,0.4,0.5,0.4048
519,3.89,6,0.0,0.2,0.0,4.83,0.2,0.966,4.83,5.0,0.2,1.0,0.94,0.2,0.188,2,0.2,0.4,0,0.2,0.0,2.0,2.554,0.4,0.5,0.5108
521,1.85,18,0.73,0.2,0.146,1.24,0.4,0.496,1.97,5.0,0.2,1.0,0.2,0.2,0.04,2,0.2,0.4,0,0.2,0.0,2.6,2.082,0.4,0.5,0.4164
522,1.99,6,0.9,0.2,0.18,0.0,0.2,0.0,0.9,5.0,0.2,1.0,1.95,0.2,0.39,2,0.2,0.4,0,0.2,0.0,2.0,1.97,0.4,0.5,0.394
523,55.57,12,0.0,0.2,0.0,0.0,0.2,0.0,0.0,5.0,0.2,1.0,0.0,0.2,0.0,2,0.2,0.4,0,0.2,0.0,2.0,1.4,0.4,0.5,0.28
524,21.61,2,3.14,0.6,1.884,5.68,0.6,3.408,8.82,5.5,0.4,2.2,11.33,0.6,6.798,4,0.2,0.8,0,0.2,0.0,4.6,15.09,0.8,0.5,6.036
525,55.57,4,0.51,0.2,0.102,1.36,0.4,0.544,1.87,5.0,0.2,1.0,0.0,0.2,0.0,2,0.2,0.4,0,0.2,0.0,2.6,2.046,0.4,0.5,0.4092
526,3.41,8,1.21,0.4,0.484,34.03,0.6,20.418,35.24,5.0,0.2,1.0,5.36,0.4,2.144,2,0.2,0.4,0,0.2,0.0,3.6,24.446,0.4,0.5,4.8892
527,2.37,11,1.63,0.4,0.652,5.86,0.6,3.516,7.49,5.0,0.2,1.0,3.69,0.2,0.738,2,0.2,0.4,0,0.2,0.0,3.4,6.306,0.4,0.5,1.2612
529,2.37,22,2.39,0.6,1.434,7.72,0.6,4.632,10.11,5.0,0.2,1.0,5.42,0.4,2.168,2,0.2,0.4,1,0.4,0.4,4.0,10.034,0.8,0.5,4.0136
530,3.89,8,5.47,0.6,3.282,7.63,0.4,3.052,13.1,5.0,0.2,1.0,10.43,0.6,6.258,2,0.2,0.4,1,0.4,0.4,3.6,14.392,0.8,0.5,5.7568
531,2.37,28,0.32,0.2,0.064,0.49,0.2,0.098,0.81,5.0,0.2,1.0,6.73,0.4,2.692,6,0.2,1.2,0,0.2,0.0,2.6,5.054,1.2,0.5,3.0324
533,3.89,12,13.92,0.6,8.352,2.2,0.2,0.44,16.12,5.0,0.2,1.0,0.05,0.2,0.01,2,0.2,0.4,0,0.2,0.0,2.4,10.202,0.4,0.5,2.0404
534,1.85,11,10.02,0.6,6.012,0.95,0.2,0.19,10.97,5.0,0.2,1.0,0.43,0.2,0.086,2,0.2,0.4,0,0.2,0.0,2.4,7.688,0.4,0.5,1.5376
535,1.99,27,0.6,0.2,0.12,0.0,0.2,0.0,0.6,5.0,0.2,1.0,0.0,0.2,0.0,2,0.2,0.4,0,0.2,0.0,2.0,1.52,0.4,0.5,0.304
536,2.72,2,2.23,0.6,1.338,4.54,0.2,0.908,6.77,5.0,0.2,1.0,22.8,0.6,13.68,6,0.2,1.2,0,0.2,0.0,3.2,18.126,1.2,0.5,10.8756
538,2.37,4,0.02,0.2,0.004,0.05,0.2,0.01,0.07,5.0,0.2,1.0,0.0,0.2,0.0,2,0.2,0.4,0,0.2,0.0,2.0,1.414,0.4,0.5,0.2828
539,1.99,12,1.65,0.4,0.66,0.0,0.2,0.0,1.65,5.0,0.2,1.0,0.01,0.2,0.002,2,0.2,0.4,0,0.2,0.0,2.2,2.062,0.4,0.5,0.4124
542,3.89,15,0.0,0.2,0.0,1.88,0.2,0.376,1.88,5.0,0.2,1.0,0.0,0.2,0.0,2,0.2,0.4,0,0.2,0.0,2.0,1.776,0.4,0.5,0.3552
543,1.85,8,0.95,0.2,0.19,0.0,0.2,0.0,0.95,5.0,0.2,1.0,0.13,0.2,0.026,4,0.4,1.6,0,0.2,0.0,2.4,2.816,1.6,0.5,2.2528
544,55.57,13,1.09,0.4,0.436,0.0,0.2,0.0,1.09,5.0,0.2,1.0,0.0,0.2,0.0,2,0.2,0.4,0,0.2,0.0,2.2,1.836,0.4,0.5,0.3672
546,1.85,8,2.46,0.6,1.476,0.37,0.2,0.074,2.83,5.0,0.2,1.0,0.0,0.2,0.0,2,0.2,0.4,0,0.2,0.0,2.4,2.95,0.4,0.5,0.59
547,1.85,19,0.0,0.2,0.0,0.0,0.2,0.0,0.0,5.0,0.2,1.0,0.19,0.2,0.038,6,0.2,1.2,0,0.2,0.0,2.4,2.238,1.2,0.5,1.3428
549,1.99,8,0.58,0.2,0.116,0.0,0.2,0.0,0.58,5.0,0.2,1.0,0.0,0.2,0.0,2,0.2,0.4,0,0.2,0.0,2.0,1.516,0.4,0.5,0.3032
550,1.85,19,5.9,0.6,3.54,0.0,0.2,0.0,5.9,5.0,0.2,1.0,0.74,0.2,0.148,6,0.4,2.4,0,0.2,0.0,3.0,7.088,2.4,0.5,8.5056
551,3.41,25,1.44,0.4,0.576,29.25,0.6,17.55,30.69,5.0,0.2,1.0,35.13,0.6,21.078,2,0.2,0.4,0,0.2,0.0,3.8,40.604,0.4,0.5,8.1208
552,3.89,16,0.0,0.2,0.0,2.72,0.2,0.544,2.72,5.0,0.2,1.0,5.58,0.4,2.232,6,0.2,1.2,0,0.2,0.0,2.6,4.976,1.2,0.5,2.9856
554,3.89,11,0.0,0.2,0.0,0.08,0.2,0.016,0.08,5.0,0.2,1.0,0.68,0.2,0.136,2,0.2,0.4,0,0.2,0.0,2.0,1.552,0.4,0.5,0.3104
555,55.57,6,0.87,0.2,0.174,0.0,0.2,0.0,0.87,5.0,0.2,1.0,0.1,0.2,0.02,2,0.2,0.4,0,0.2,0.0,2.0,1.594,0.4,0.5,0.3188
556,55.57,1,0.0,0.2,0.0,0.0,0.2,0.0,0.0,5.0,0.2,1.0,0.0,0.2,0.0,6,0.2,1.2,0,0.2,0.0,2.4,2.2,1.2,0.5,1.32
558,55.57,8,0.29,0.2,0.058,0.0,0.2,0.0,0.29,5.0,0.2,1.0,0.0,0.2,0.0,4,0.2,0.8,0,0.2,0.0,2.2,1.858,0.8,0.5,0.7432
559,2.72,19,1.6,0.4,0.64,0.0,0.2,0.0,1.6,5.0,0.2,1.0,0.06,0.2,0.012,2,0.2,0.4,0,0.2,0.0,2.2,2.052,0.4,0.5,0.4104
560,2.37,16,2.21,0.6,1.326,5.21,0.6,3.126,7.42,5.0,0.2,1.0,3.43,0.2,0.686,2,0.2,0.4,0,0.2,0.0,3.6,6.538,0.4,0.5,1.3076
561,21.61,14,0.0,0.2,0.0,0.0,0.2,0.0,0.0,5.0,0.2,1.0,0.0,0.2,0.0,2,0.2,0.4,0,0.2,0.0,2.0,1.4,0.4,0.5,0.28
564,2.72,5,0.0,0.2,0.0,0.28,0.2,0.056,0.28,5.0,0.2,1.0,0.0,0.2,0.0,2,0.2,0.4,0,0.2,0.0,2.0,1.456,0.4,0.5,0.2912
566,55.57,15,1.28,0.4,0.512,0.0,0.2,0.0,1.28,5.0,0.2,1.0,0.0,0.2,0.0,2,0.2,0.4,0,0.2,0.0,2.2,1.912,0.4,0.5,0.3824
567,55.57,8,0.99,0.2,0.198,0.0,0.2,0.0,0.99,5.0,0.2,1.0,0.0,0.2,0.0,4,0.2,0.8,0,0.2,0.0,2.2,1.998,0.8,0.5,0.7992
568,55.57,32,1.27,0.4,0.508,2.0,0.6,1.2,3.27,5.0,0.2,1.0,0.18,0.2,0.036,2,0.2,0.4,0,0.2,0.0,3.4,3.144,0.4,0.5,0.6288
569,2.72,39,2.46,0.6,1.476,6.72,0.4,2.688,9.18,5.0,0.2,1.0,0.0,0.2,0.0,2,0.2,0.4,0,0.2,0.0,3.0,5.564,0.4,0.5,1.1128
570,2.72,5,1.5,0.4,0.6,0.0,0.2,0.0,1.5,5.0,0.2,1.0,1.44,0.2,0.288,2,0.2,0.4,0,0.2,0.0,2.2,2.288,0.4,0.5,0.4576
571,1.85,19,0.9,0.2,0.18,0.0,0.2,0.0,0.9,5.0,0.2,1.0,0.13,0.2,0.026,6,0.2,1.2,0,0.2,0.0,2.4,2.406,1.2,0.5,1.4436
572,55.57,27,0.0,0.2,0.0,0.0,0.2,0.0,0.0,5.0,0.2,1.0,0.0,0.2,0.0,2,0.2,0.4,0,0.2,0.0,2.0,1.4,0.4,0.5,0.28
573,55.57,22,0.0,0.2,0.0,3.3,0.6,1.98,3.3,5.0,0.2,1.0,0.0,0.2,0.0,2,0.2,0.4,0,0.2,0.0,3.2,3.38,0.4,0.5,0.676
574,2.37,32,0.61,0.2,0.122,1.54,0.4,0.616,2.15,5.0,0.2,1.0,0.57,0.2,0.114,2,0.2,0.4,0,0.2,0.0,2.6,2.252,0.4,0.5,0.4504
575,3.89,19,0.0,0.2,0.0,2.27,0.2,0.454,2.27,5.0,0.2,1.0,2.62,0.2,0.524,2,0.2,0.4,0,0.2,0.0,2.0,2.378,0.4,0.5,0.4756
576,3.89,37,8.54,0.6,5.124,31.63,0.6,18.978,40.17,5.0,0.2,1.0,41.28,0.6,24.768,2,0.2,0.4,1,0.4,0.4,4.2,50.67,0.8,0.5,20.268
577,2.37,19,1.99,0.4,0.796,0.63,0.2,0.126,2.62,5.0,0.2,1.0,0.0,0.2,0.0,2,0.2,0.4,0,0.2,0.0,2.2,2.322,0.4,0.5,0.4644
578,55.57,8,0.8,0.2,0.16,0.57,0.2,0.114,1.37,5.0,0.2,1.0,0.0,0.2,0.0,2,0.2,0.4,0,0.2,0.0,2.0,1.674,0.4,0.5,0.3348
579,1.85,19,5.87,0.6,3.522,0.0,0.2,0.0,5.87,5.0,0.2,1.0,0.44,0.2,0.088,6,0.2,1.2,0,0.2,0.0,2.8,5.81,1.2,0.5,3.486
580,55.57,16,0.47,0.2,0.094,0.37,0.2,0.074,0.84,5.0,0.2,1.0,0.0,0.2,0.0,2,0.2,0.4,0,0.2,0.0,2.0,1.568,0.4,0.5,0.3136
581,3.41,32,0.77,0.2,0.154,0.0,0.2,0.0,0.77,5.0,0.2,1.0,0.32,0.2,0.064,2,0.2,0.4,0,0.2,0.0,2.0,1.618,0.4,0.5,0.3236
582,2.37,9,0.0,0.2,0.0,0.0,0.2,0.0,0.0,5.0,0.2,1.0,0.0,0.2,0.0,2,0.2,0.4,0,0.2,0.0,2.0,1.4,0.4,0.5,0.28
583,3.89,13,0.0,0.2,0.0,0.06,0.2,0.012,0.06,5.0,0.2,1.0,0.0,0.2,0.0,2,0.2,0.4,0,0.2,0.0,2.0,1.412,0.4,0.5,0.2824
584,1.85,19,1.75,0.4,0.7,0.0,0.2,0.0,1.75,5.0,0.2,1.0,0.35,0.2,0.07,6,0.2,1.2,0,0.2,0.0,2.6,2.97,1.2,0.5,1.782
585,3.41,22,2.7,0.6,1.62,45.16,0.6,27.096,47.86,5.0,0.2,1.0,37.79,0.6,22.674,2,0.2,0.4,0,0.2,0.0,4.0,52.79,0.4,0.5,10.558
586,55.57,5,1.59,0.4,0.636,0.13,0.2,0.026,1.72,5.0,0.2,1.0,0.11,0.2,0.022,2,0.2,0.4,0,0.2,0.0,2.2,2.084,0.4,0.5,0.4168
587,59.85,19,0.2,0.2,0.04,0.28,0.2,0.056,0.48,5.0,0.2,1.0,0.0,0.2,0.0,2,0.2,0.4,0,0.2,0.0,2.0,1.496,0.4,0.5,0.2992
588,55.57,14,1.63,0.4,0.652,0.0,0.2,0.0,1.63,5.0,0.2,1.0,0.0,0.2,0.0,2,0.2,0.4,0,0.2,0.0,2.2,2.052,0.4,0.5,0.4104
589,55.57,2,2.59,0.6,1.554,111.9,0.6,67.14,114.49,5.0,0.2,1.0,8.47,0.4,3.388,6,0.2,1.2,0,0.2,0.0,4.2,74.282,1.2,0.5,44.5692
590,2.72,6,1.51,0.4,0.604,0.0,0.2,0.0,1.51,5.0,0.2,1.0,0.0,0.2,0.0,2,0.2,0.4,0,0.2,0.0,2.2,2.004,0.4,0.5,0.4008
591,1.85,4,2.96,0.6,1.776,0.15,0.2,0.03,3.11,5.0,0.2,1.0,0.0,0.2,0.0,2,0.2,0.4,0,0.2,0.0,2.4,3.206,0.4,0.5,0.6412
592,1.85,8,0.95,0.2,0.19,1.33,0.4,0.532,2.28,5.0,0.2,1.0,0.07,0.2,0.014,4,0.2,0.8,0,0.2,0.0,2.8,2.536,0.8,0.5,1.0144
593,59.85,5,0.15,0.2,0.03,0.0,0.2,0.0,0.15,5.0,0.2,1.0,0.0,0.2,0.0,2,0.2,0.4,0,0.2,0.0,2.0,1.43,0.4,0.5,0.286
594,2.72,8,3.62,0.6,2.172,44.28,0.6,26.568,47.9,5.0,0.2,1.0,44.67,0.6,26.802,2,0.2,0.4,0,0.2,0.0,4.0,56.942,0.4,0.5,11.3884
595,55.57,14,0.59,0.2,0.118,0.0,0.2,0.0,0.59,5.0,0.2,1.0,0.0,0.2,0.0,2,0.2,0.4,0,0.2,0.0,2.0,1.518,0.4,0.5,0.3036
596,3.89,12,4.76,0.6,2.856,13.03,0.6,7.818,17.79,5.0,0.2,1.0,0.58,0.2,0.116,2,0.2,0.4,1,0.4,0.4,3.8,12.59,0.8,0.5,5.036
597,59.85,16,0.03,0.2,0.006,0.0,0.2,0.0,0.03,5.0,0.2,1.0,1.55,0.2,0.31,2,0.2,0.4,0,0.2,0.0,2.0,1.716,0.4,0.5,0.3432
598,55.57,19,0.0,0.2,0.0,0.0,0.2,0.0,0.0,5.0,0.2,1.0,0.02,0.2,0.004,2,0.2,0.4,0,0.2,0.0,2.0,1.404,0.4,0.5,0.2808
599,2.37,4,0.56,0.2,0.112,0.7,0.2,0.14,1.26,5.0,0.2,1.0,0.0,0.2,0.0,6,0.2,1.2,0,0.2,0.0,2.4,2.452,1.2,0.5,1.4712
600,3.89,9,0.0,0.2,0.0,1.05,0.2,0.21,1.05,5.0,0.2,1.0,0.16,0.2,0.032,2,0.2,0.4,0,0.2,0.0,2.0,1.642,0.4,0.5,0.3284
601,55.57,29,0.0,0.2,0.0,0.81,0.2,0.162,0.81,5.0,0.2,1.0,0.0,0.2,0.0,2,0.2,0.4,0,0.2,0.0,2.0,1.562,0.4,0.5,0.3124
603,2.34,19,0.0,0.2,0.0,0.0,0.2,0.0,0.0,5.0,0.2,1.0,0.0,0.2,0.0,2,0.2,0.4,0,0.2,0.0,2.0,1.4,0.4,0.5,0.28
604,55.57,6,0.0,0.2,0.0,0.03,0.2,0.006,0.03,5.0,0.2,1.0,0.0,0.2,0.0,2,0.2,0.4,0,0.2,0.0,2.0,1.406,0.4,0.5,0.2812
606,55.57,29,0.6,0.2,0.12,0.46,0.2,0.092,1.06,5.0,0.2,1.0,0.0,0.2,0.0,2,0.2,0.4,0,0.2,0.0,2.0,1.612,0.4,0.5,0.3224
607,55.57,15,0.4,0.2,0.08,0.0025,0.2,0.0005,0.4025,5.0,0.2,1.0,0.0,0.2,0.0,2,0.2,0.4,0,0.2,0.0,2.0,1.4805,0.4,0.5,0.2961
608,59.85,1,1.94,0.4,0.776,6.69,0.6,4.014,8.63,5.5,0.4,2.2,13.3,0.6,7.98,6,0.2,1.2,1,0.4,0.4,4.8,16.57,1.6,0.5,13.256
609,21.61,15,0.98,0.2,0.196,1.14,0.4,0.456,2.12,5.0,0.2,1.0,0.0,0.2,0.0,2,0.2,0.4,0,0.2,0.0,2.6,2.052,0.4,0.5,0.4104
610,2.72,11,3.51,0.6,2.106,52.89,0.6,31.734,56.4,5.0,0.2,1.0,4.26,0.2,0.852,2,0.2,0.4,0,0.2,0.0,3.6,36.092,0.4,0.5,7.2184
611,55.57,13,2.45,0.6,1.47,5.47,0.6,3.282,7.92,5.0,0.2,1.0,5.61,0.4,2.244,2,0.2,0.4,0,0.2,0.0,3.8,8.396,0.4,0.5,1.6792
612,3.41,20,1.08,0.4,0.432,32.71,0.6,19.626,33.79,5.0,0.2,1.0,8.38,0.4,3.352,2,0.2,0.4,0,0.2,0.0,3.6,24.81,0.4,0.5,4.962
615,3.41,29,4.17,0.6,2.502,24.37,0.6,14.622,28.54,5.0,0.2,1.0,4.24,0.2,0.848,2,0.2,0.4,0,0.2,0.0,3.6,19.372,0.4,0.5,3.8744
616,55.57,12,0.9,0.2,0.18,1.11,0.4,0.444,2.01,5.0,0.2,1.0,0.0,0.2,0.0,2,0.2,0.4,0,0.2,0.0,2.6,2.024,0.4,0.5,0.4048
617,2.37,18,0.09,0.2,0.018,0.0,0.2,0.0,0.09,5.0,0.2,1.0,0.0,0.2,0.0,2,0.2,0.4,0,0.2,0.0,2.0,1.418,0.4,0.5,0.2836
618,3.41,39,3.63,0.6,2.178,10.85,0.4,4.34,14.48,5.0,0.2,1.0,0.28,0.2,0.056,2,0.2,0.4,0,0.2,0.0,3.0,7.974,0.4,0.5,1.5948
619,2.37,18,1.65,0.4,0.66,0.02,0.2,0.004,1.67,5.0,0.2,1.0,2.47,0.2,0.494,2,0.2,0.4,0,0.2,0.0,2.2,2.558,0.4,0.5,0.5116
620,2.72,39,3.48,0.6,2.088,17.85,0.6,10.71,21.33,5.0,0.2,1.0,9.53,0.4,3.812,2,0.2,0.4,0,0.2,0.0,3.8,18.01,0.4,0.5,3.602
623,59.85,9,0.0,0.2,0.0,0.0,0.2,0.0,0.0,5.0,0.2,1.0,0.0,0.2,0.0,2,0.2,0.4,0,0.2,0.0,2.0,1.4,0.4,0.5,0.28
624,55.57,19,1.6,0.4,0.64,0.49,0.2,0.098,2.09,5.0,0.2,1.0,88.34,0.6,53.004,2,0.2,0.4,0,0.2,0.0,2.6,55.142,0.4,0.5,11.0284
625,21.61,8,0.8,0.2,0.16,0.82,0.2,0.164,1.62,5.0,0.2,1.0,1.32,0.2,0.264,2,0.2,0.4,0,0.2,0.0,2.0,1.988,0.4,0.5,0.3976
626,1.99,19,0.59,0.2,0.118,0.0,0.2,0.0,0.59,5.0,0.2,1.0,0.0,0.2,0.0,6,0.2,1.2,0,0.2,0.0,2.4,2.318,1.2,0.5,1.3908
628,3.89,16,6.47,0.6,3.882,12.18,0.6,7.308,18.65,5.0,0.2,1.0,25.27,0.6,15.162,6,0.2,1.2,0,0.2,0.0,4.4,28.552,1.2,0.5,17.1312
630,3.89,19,0.0,0.2,0.0,0.0,0.2,0.0,0.0,5.0,0.2,1.0,0.0,0.2,0.0,2,0.2,0.4,0,0.2,0.0,2.0,1.4,0.4,0.5,0.28
631,3.89,2,0.74,0.2,0.148,1.0,0.2,0.2,1.74,5.0,0.2,1.0,0.0,0.2,0.0,2,0.2,0.4,0,0.2,0.0,2.0,1.748,0.4,0.5,0.3496
633,55.57,9,0.21,0.2,0.042,0.0,0.2,0.0,0.21,5.0,0.2,1.0,0.0,0.2,0.0,2,0.2,0.4,0,0.2,0.0,2.0,1.442,0.4,0.5,0.2884
634,55.57,16,0.7,0.2,0.14,0.79,0.2,0.158,1.49,5.5,0.4,2.2,1.91,0.2,0.382,2,0.2,0.4,0,0.2,0.0,2.4,3.28,0.4,0.5,0.656
636,55.57,13,0.31,0.2,0.062,0.0015,0.2,0.0003,0.3115,5.0,0.2,1.0,0.0,0.2,0.0,2,0.2,0.4,0,0.2,0.0,2.0,1.4623,0.4,0.5,0.29246
637,3.89,36,10.96,0.6,6.576,41.47,0.6,24.882,52.43,5.0,0.2,1.0,35.21,0.6,21.126,2,0.2,0.4,1,0.4,0.4,4.2,54.384,0.8,0.5,21.7536
638,21.61,8,0.66,0.2,0.132,0.81,0.2,0.162,1.47,5.0,0.2,1.0,0.03,0.2,0.006,2,0.2,0.4,0,0.2,0.0,2.0,1.7,0.4,0.5,0.34
639,55.57,5,0.0,0.2,0.0,0.0,0.2,0.0,0.0,5.0,0.2,1.0,0.0,0.2,0.0,2,0.2,0.4,0,0.2,0.0,2.0,1.4,0.4,0.5,0.28
640,2.72,2,3.26,0.6,1.956,5.55,0.4,2.22,8.81,5.0,0.2,1.0,0.21,0.2,0.042,6,0.2,1.2,0,0.2,0.0,3.4,6.418,1.2,0.5,3.8508
641,55.57,16,0.49,0.2,0.098,0.0,0.2,0.0,0.49,5.0,0.2,1.0,0.0,0.2,0.0,2,0.2,0.4,0,0.2,0.0,2.0,1.498,0.4,0.5,0.2996
643,1.85,4,0.56,0.2,0.112,72.0,0.6,43.2,72.56,5.0,0.2,1.0,0.51,0.2,0.102,2,0.2,0.4,0,0.2,0.0,3.2,44.814,0.4,0.5,8.9628
644,55.57,12,0.0,0.2,0.0,0.0,0.2,0.0,0.0,5.0,0.2,1.0,0.0,0.2,0.0,2,0.2,0.4,0,0.2,0.0,2.0,1.4,0.4,0.5,0.28
645,1.85,11,1.69,0.4,0.676,0.21,0.2,0.042,1.9,5.0,0.2,1.0,0.0,0.2,0.0,2,0.2,0.4,0,0.2,0.0,2.2,2.118,0.4,0.5,0.4236
647,2.37,31,0.0,0.2,0.0,0.0,0.2,0.0,0.0,5.0,0.2,1.0,0.0,0.2,0.0,2,0.2,0.4,0,0.2,0.0,2.0,1.4,0.4,0.5,0.28
650,3.41,27,1.41,0.4,0.564,36.16,0.6,21.696,37.57,5.0,0.2,1.0,13.05,0.6,7.83,2,0.6,1.2,0,0.2,0.0,4.2,32.29,1.2,0.5,19.374
651,21.61,32,0.34,0.2,0.068,0.27,0.2,0.054,0.61,5.0,0.2,1.0,0.0,0.2,0.0,2,0.2,0.4,0,0.2,0.0,2.0,1.522,0.4,0.5,0.3044
652,2.72,1,4.36,0.6,2.616,33.91,0.6,20.346,38.27,5.5,0.4,2.2,6.06,0.4,2.424,6,0.4,2.4,0,0.2,0.0,4.8,29.986,2.4,0.5,35.9832
653,55.57,13,1.29,0.4,0.516,0.0,0.2,0.0,1.29,5.0,0.2,1.0,0.0,0.2,0.0,2,0.2,0.4,0,0.2,0.0,2.2,1.916,0.4,0.5,0.3832
654,2.72,12,1.05,0.4,0.42,0.0,0.2,0.0,1.05,5.0,0.2,1.0,0.0,0.2,0.0,2,0.2,0.4,0,0.2,0.0,2.2,1.82,0.4,0.5,0.364
655,3.89,16,4.95,0.6,2.97,42.61,0.6,25.566,47.56,5.0,0.2,1.0,3.46,0.2,0.692,6,0.2,1.2,1,0.4,0.4,4.2,31.828,1.6,0.5,25.4624
656,59.85,2,0.0,0.2,0.0,0.0,0.2,0.0,0.0,5.0,0.2,1.0,1.2,0.2,0.24,2,0.4,0.8,0,0.2,0.0,2.2,2.04,0.8,0.5,0.816
657,3.89,22,1.97,0.4,0.788,2.1,0.2,0.42,4.07,5.0,0.2,1.0,12.29,0.6,7.374,2,0.6,1.2,0,0.2,0.0,3.0,10.782,1.2,0.5,6.4692
659,2.37,32,0.0,0.2,0.0,0.0,0.2,0.0,0.0,5.0,0.2,1.0,0.0,0.2,0.0,2,0.2,0.4,0,0.2,0.0,2.0,1.4,0.4,0.5,0.28
660,2.72,16,6.02,0.6,3.612,135.69,0.6,81.414,141.71,6.0,0.6,3.6,89.64,0.6,53.784,4,0.2,0.8,0,0.2,0.0,5.0,143.21,0.8,0.5,57.284
661,1.99,19,1.62,0.4,0.648,0.0,0.2,0.0,1.62,5.0,0.2,1.0,0.0,0.2,0.0,6,0.2,1.2,0,0.2,0.0,2.6,2.848,1.2,0.5,1.7088
662,55.57,11,1.84,0.4,0.736,4.25,0.6,2.55,6.09,5.0,0.2,1.0,0.82,0.2,0.164,2,0.2,0.4,0,0.2,0.0,3.4,4.85,0.4,0.5,0.97
663,2.37,6,0.39,0.2,0.078,0.47,0.2,0.094,0.86,5.0,0.2,1.0,0.0,0.2,0.0,2,0.2,0.4,0,0.2,0.0,2.0,1.572,0.4,0.5,0.3144
664,2.37,2,0.0,0.2,0.0,0.0,0.2,0.0,0.0,5.0,0.2,1.0,0.23,0.2,0.046,6,0.2,1.2,0,0.2,0.0,2.4,2.246,1.2,0.5,1.3476
666,21.61,14,0.19,0.2,0.038,0.27,0.2,0.054,0.46,5.0,0.2,1.0,0.65,0.2,0.13,2,0.2,0.4,0,0.2,0.0,2.0,1.622,0.4,0.5,0.3244
667,1.85,29,1.04,0.4,0.416,0.91,0.2,0.182,1.95,5.0,0.2,1.0,0.37,0.2,0.074,2,0.2,0.4,0,0.2,0.0,2.2,2.072,0.4,0.5,0.4144
668,2.37,14,3.29,0.6,1.974,6.41,0.6,3.846,9.7,5.0,0.2,1.0,3.66,0.2,0.732,2,0.2,0.4,0,0.2,0.0,3.6,7.952,0.4,0.5,1.5904
669,55.57,14,0.84,0.2,0.168,0.65,0.2,0.13,1.49,5.0,0.2,1.0,0.0,0.2,0.0,2,0.2,0.4,0,0.2,0.0,2.0,1.698,0.4,0.5,0.3396
670,55.57,16,0.51,0.2,0.102,0.5,0.2,0.1,1.01,5.0,0.2,1.0,0.09,0.2,0.018,2,0.2,0.4,0,0.2,0.0,2.0,1.62,0.4,0.5,0.324
672,3.41,19,1.64,0.4,0.656,46.21,0.6,27.726,47.85,5.0,0.2,1.0,2.45,0.2,0.49,2,0.2,0.4,0,0.2,0.0,3.4,30.272,0.4,0.5,6.0544
673,3.41,7,6.61,0.6,3.966,55.62,0.6,33.372,62.23,5.0,0.2,1.0,57.16,0.6,34.296,2,0.4,0.8,0,0.2,0.0,4.2,73.434,0.8,0.5,29.3736
674,59.85,7,0.29,0.2,0.058,0.0,0.2,0.0,0.29,5.0,0.2,1.0,0.04,0.2,0.008,2,0.2,0.4,0,0.2,0.0,2.0,1.466,0.4,0.5,0.2932
675,55.57,37,0.49,0.2,0.098,4.78,0.6,2.868,5.27,5.0,0.2,1.0,0.0,0.2,0.0,2,0.2,0.4,0,0.2,0.0,3.2,4.366,0.4,0.5,0.8732
676,3.89,2,0.0,0.2,0.0,3.72,0.2,0.744,3.72,5.0,0.2,1.0,0.0,0.2,0.0,2,0.2,0.4,9,0.6,5.4,2.4,7.544,5.8,0.5,21.8776
679,55.57,18,0.2,0.2,0.04,0.0,0.2,0.0,0.2,5.0,0.2,1.0,0.0,0.2,0.0,2,0.2,0.4,0,0.2,0.0,2.0,1.44,0.4,0.5,0.288
680,2.72,13,0.0,0.2,0.0,0.0,0.2,0.0,0.0,5.0,0.2,1.0,0.0,0.2,0.0,2,0.2,0.4,0,0.2,0.0,2.0,1.4,0.4,0.5,0.28
681,1.85,8,0.0,0.2,0.0,0.0,0.2,0.0,0.0,5.0,0.2,1.0,0.0,0.2,0.0,4,0.2,0.8,0,0.2,0.0,2.2,1.8,0.8,0.5,0.72
682,2.72,30,3.47,0.6,2.082,47.07,0.6,28.242,50.54,5.0,0.2,1.0,31.38,0.6,18.828,2,0.2,0.4,0,0.2,0.0,4.0,50.552,0.4,0.5,10.1104
683,2.37,19,0.84,0.2,0.168,0.06,0.2,0.012,0.9,5.0,0.2,1.0,0.72,0.2,0.144,2,0.2,0.4,0,0.2,0.0,2.0,1.724,0.4,0.5,0.3448
684,2.37,1,1.13,0.4,0.452,3.85,0.6,2.31,4.98,6.5,0.6,3.9,20.89,0.6,12.534,6,0.2,1.2,0,0.2,0.0,5.0,20.396,1.2,0.5,12.2376
685,55.57,12,0.38,0.2,0.076,0.09,0.2,0.018,0.47,5.0,0.2,1.0,0.0,0.2,0.0,2,0.2,0.4,0,0.2,0.0,2.0,1.494,0.4,0.5,0.2988
688,2.72,22,1.19,0.4,0.476,122.07,0.6,73.242,123.26,5.0,0.2,1.0,15.2,0.6,9.12,2,0.2,0.4,0,0.2,0.0,3.8,84.238,0.4,0.5,16.8476
689,2.72,16,1.75,0.4,0.7,0.57,0.2,0.114,2.32,5.0,0.2,1.0,0.0,0.2,0.0,4,0.2,0.8,0,0.2,0.0,2.4,2.614,0.8,0.5,1.0456
690,3.89,15,7.18,0.6,4.308,14.63,0.6,8.778,21.81,5.0,0.2,1.0,98.75,0.6,59.25,2,0.2,0.4,0,0.2,0.0,4.0,73.736,0.4,0.5,14.7472
691,55.57,15,0.0,0.2,0.0,0.0,0.2,0.0,0.0,5.0,0.2,1.0,0.32,0.2,0.064,2,0.2,0.4,0,0.2,0.0,2.0,1.464,0.4,0.5,0.2928
693,59.85,39,0.0,0.2,0.0,0.0,0.2,0.0,0.0,5.0,0.2,1.0,3.3,0.2,0.66,2,0.2,0.4,0,0.2,0.0,2.0,2.06,0.4,0.5,0.412
694,1.85,19,4.04,0.6,2.424,0.0,0.2,0.0,4.04,5.0,0.2,1.0,0.79,0.2,0.158,6,0.2,1.2,0,0.2,0.0,2.8,4.782,1.2,0.5,2.8692
695,1.85,5,7.22,0.6,4.332,0.28,0.2,0.056,7.5,5.0,0.2,1.0,0.0,0.2,0.0,2,0.2,0.4,0,0.2,0.0,2.4,5.788,0.4,0.5,1.1576
696,3.41,16,1.05,0.4,0.42,0.0,0.2,0.0,1.05,5.0,0.2,1.0,0.0,0.2,0.0,2,0.2,0.4,0,0.2,0.0,2.2,1.82,0.4,0.5,0.364
697,59.85,14,0.0,0.2,0.0,0.22,0.2,0.044,0.22,5.0,0.2,1.0,0.0,0.2,0.0,2,0.2,0.4,0,0.2,0.0,2.0,1.444,0.4,0.5,0.2888
698,55.57,8,2.41,0.6,1.446,4.69,0.6,2.814,7.1,5.0,0.2,1.0,0.25,0.2,0.05,2,0.2,0.4,0,0.2,0.0,3.6,5.71,0.4,0.5,1.142
699,3.89,22,2.95,0.6,1.77,6.56,0.4,2.624,9.51,5.0,0.2,1.0,156.92,0.6,94.152,2,0.2,0.4,0,0.2,0.0,3.4,99.946,0.4,0.5,19.9892
701,2.72,40,4.43,0.6,2.658,51.32,0.6,30.792,55.75,5.5,0.4,2.2,145.97,0.6,87.582,2,0.2,0.4,0,0.2,0.0,4.4,123.632,0.4,0.5,24.7264
704,3.89,8,8.5,0.6,5.1,12.03,0.6,7.218,20.53,5.5,0.4,2.2,7.79,0.4,3.116,2,0.2,0.4,0,0.2,0.0,4.2,18.034,0.4,0.5,3.6068
705,59.85,8,0.0,0.2,0.0,0.0,0.2,0.0,0.0,5.0,0.2,1.0,0.93,0.2,0.186,2,0.2,0.4,0,0.2,0.0,2.0,1.586,0.4,0.5,0.3172
706,55.57,8,0.32,0.2,0.064,0.17,0.2,0.034,0.49,5.0,0.2,1.0,0.0,0.2,0.0,2,0.2,0.4,0,0.2,0.0,2.0,1.498,0.4,0.5,0.2996
708,55.57,9,0.71,0.2,0.142,0.25,0.2,0.05,0.96,5.0,0.2,1.0,0.0,0.2,0.0,2,0.2,0.4,0,0.2,0.0,2.0,1.592,0.4,0.5,0.3184
710,59.85,8,0.0,0.2,0.0,0.0,0.2,0.0,0.0,5.0,0.2,1.0,0.29,0.2,0.058,2,0.2,0.4,0,0.2,0.0,2.0,1.458,0.4,0.5,0.2916
712,3.41,14,0.0,0.2,0.0,0.0,0.2,0.0,0.0,5.0,0.2,1.0,0.0,0.2,0.0,2,0.2,0.4,0,0.2,0.0,2.0,1.4,0.4,0.5,0.28
713,59.85,28,0.04,0.2,0.008,0.0,0.2,0.0,0.04,5.0,0.2,1.0,0.22,0.2,0.044,2,0.2,0.4,0,0.2,0.0,2.0,1.452,0.4,0.5,0.2904
714,1.99,8,1.4,0.4,0.56,0.0,0.2,0.0,1.4,5.0,0.2,1.0,0.0,0.2,0.0,2,0.2,0.4,0,0.2,0.0,2.2,1.96,0.4,0.5,0.392
715,2.37,2,0.5,0.2,0.1,0.04,0.2,0.008,0.54,5.0,0.2,1.0,0.0,0.2,0.0,6,0.2,1.2,0,0.2,0.0,2.4,2.308,1.2,0.5,1.3848
717,1.85,8,3.17,0.6,1.902,0.44,0.2,0.088,3.61,5.0,0.2,1.0,0.0,0.2,0.0,4,0.2,0.8,0,0.2,0.0,2.6,3.79,0.8,0.5,1.516
719,2.72,39,2.81,0.6,1.686,4.6,0.2,0.92,7.41,5.0,0.2,1.0,8.44,0.4,3.376,2,0.2,0.4,0,0.2,0.0,2.6,7.382,0.4,0.5,1.4764
720,21.61,12,0.85,0.2,0.17,0.93,0.2,0.186,1.78,5.0,0.2,1.0,0.0,0.2,0.0,2,0.2,0.4,0,0.2,0.0,2.0,1.756,0.4,0.5,0.3512
721,55.57,16,0.47,0.2,0.094,0.46,0.2,0.092,0.93,5.0,0.2,1.0,0.42,0.2,0.084,2,0.2,0.4,0,0.2,0.0,2.0,1.67,0.4,0.5,0.334
722,3.89,8,1.09,0.4,0.436,0.35,0.2,0.07,1.44,5.0,0.2,1.0,0.0,0.2,0.0,2,0.2,0.4,0,0.2,0.0,2.2,1.906,0.4,0.5,0.3812
723,3.41,14,16.53,0.6,9.918,72.99,0.6,43.794,89.52,5.0,0.2,1.0,5.49,0.4,2.196,2,0.2,0.4,1,0.4,0.4,4.0,57.708,0.8,0.5,23.0832
724,21.61,16,0.62,0.2,0.124,0.71,0.2,0.142,1.33,5.0,0.2,1.0,0.08,0.2,0.016,2,0.2,0.4,0,0.2,0.0,2.0,1.682,0.4,0.5,0.3364
725,2.37,8,0.56,0.2,0.112,0.08,0.2,0.016,0.64,5.0,0.2,1.0,0.05,0.2,0.01,6,0.2,1.2,0,0.2,0.0,2.4,2.338,1.2,0.5,1.4028
726,59.85,4,0.01,0.2,0.002,0.0,0.2,0.0,0.01,5.0,0.2,1.0,0.6,0.2,0.12,2,0.2,0.4,0,0.2,0.0,2.0,1.522,0.4,0.5,0.3044
727,55.57,27,0.76,0.2,0.152,0.0,0.2,0.0,0.76,5.0,0.2,1.0,0.0,0.2,0.0,2,0.2,0.4,0,0.2,0.0,2.0,1.552,0.4,0.5,0.3104
728,2.34,4,0.0,0.2,0.0,0.0,0.2,0.0,0.0,5.0,0.2,1.0,0.0,0.2,0.0,2,0.2,0.4,0,0.2,0.0,2.0,1.4,0.4,0.5,0.28
729,1.85,14,9.94,0.6,5.964,0.44,0.2,0.088,10.38,5.0,0.2,1.0,0.15,0.2,0.03,2,0.2,0.4,0,0.2,0.0,2.4,7.482,0.4,0.5,1.4964
730,2.72,22,3.22,0.6,1.932,55.64,0.6,33.384,58.86,5.0,0.2,1.0,80.8,0.6,48.48,2,0.4,0.8,0,0.2,0.0,4.2,85.596,0.8,0.5,34.2384
731,3.89,31,1.99,0.4,0.796,10.24,0.6,6.144,12.23,5.0,0.2,1.0,20.78,0.6,12.468,2,0.2,0.4,0,0.2,0.0,3.8,20.808,0.4,0.5,4.1616
732,21.61,8,0.38,0.2,0.076,0.48,0.2,0.096,0.86,5.0,0.2,1.0,0.33,0.2,0.066,2,0.2,0.4,0,0.2,0.0,2.0,1.638,0.4,0.5,0.3276
733,59.85,4,0.27,0.2,0.054,0.0,0.2,0.0,0.27,5.0,0.2,1.0,16.09,0.6,9.654,2,0.2,0.4,0,0.2,0.0,2.4,11.108,0.4,0.5,2.2216
734,1.85,22,0.6,0.2,0.12,1.08,0.4,0.432,1.68,5.0,0.2,1.0,0.33,0.2,0.066,2,0.2,0.4,0,0.2,0.0,2.6,2.018,0.4,0.5,0.4036
735,1.85,43,0.18,0.2,0.036,0.63,0.2,0.126,0.81,5.0,0.2,1.0,0.0,0.2,0.0,2,0.2,0.4,0,0.2,0.0,2.0,1.562,0.4,0.5,0.3124
736,1.85,15,3.74,0.6,2.244,0.55,0.2,0.11,4.29,5.0,0.2,1.0,0.0,0.2,0.0,2,0.2,0.4,0,0.2,0.0,2.4,3.754,0.4,0.5,0.7508
737,21.61,19,0.43,0.2,0.086,0.0,0.2,0.0,0.43,5.0,0.2,1.0,0.0,0.2,0.0,2,0.2,0.4,0,0.2,0.0,2.0,1.486,0.4,0.5,0.2972
738,3.89,5,0.0,0.2,0.0,1.76,0.2,0.352,1.76,5.0,0.2,1.0,1.08,0.2,0.216,2,0.2,0.4,0,0.2,0.0,2.0,1.968,0.4,0.5,0.3936
739,55.57,9,0.26,0.2,0.052,0.0021,0.2,0.00042,0.2621,5.0,0.2,1.0,0.0,0.2,0.0,2,0.2,0.4,0,0.2,0.0,2.0,1.45242,0.4,0.5,0.290484
741,55.57,19,2.3,0.6,1.38,0.0,0.2,0.0,2.3,5.0,0.2,1.0,0.0,0.2,0.0,2,0.2,0.4,0,0.2,0.0,2.4,2.78,0.4,0.5,0.556
742,3.41,32,12.54,0.6,7.524,31.62,0.6,18.972,44.16,5.0,0.2,1.0,54.07,0.6,32.442,2,0.2,0.4,0,0.2,0.0,4.0,60.338,0.4,0.5,12.0676
743,55.57,9,2.54,0.6,1.524,5.52,0.6,3.312,8.06,5.0,0.2,1.0,0.49,0.2,0.098,2,0.2,0.4,0,0.2,0.0,3.6,6.334,0.4,0.5,1.2668
744,55.57,4,0.0,0.2,0.0,1.3,0.4,0.52,1.3,5.0,0.2,1.0,0.0,0.2,0.0,2,0.2,0.4,0,0.2,0.0,2.6,1.92,0.4,0.5,0.384
745,3.41,4,4.13,0.6,2.478,16.74,0.6,10.044,20.87,5.0,0.2,1.0,44.02,0.6,26.412,2,0.2,0.4,0,0.2,0.0,4.0,40.334,0.4,0.5,8.0668
746,1.99,5,0.29,0.2,0.058,0.0,0.2,0.0,0.29,5.0,0.2,1.0,0.06,0.2,0.012,2,0.2,0.4,0,0.2,0.0,2.0,1.47,0.4,0.5,0.294
748,2.72,15,0.0,0.2,0.0,0.0,0.2,0.0,0.0,5.0,0.2,1.0,0.0,0.2,0.0,2,0.2,0.4,0,0.2,0.0,2.0,1.4,0.4,0.5,0.28
749,1.85,6,0.26,0.2,0.052,0.0,0.2,0.0,0.26,5.0,0.2,1.0,0.0,0.2,0.0,2,0.2,0.4,0,0.2,0.0,2.0,1.452,0.4,0.5,0.2904
750,1.85,9,0.7,0.2,0.14,0.6,0.2,0.12,1.3,5.0,0.2,1.0,0.51,0.2,0.102,2,0.2,0.4,0,0.2,0.0,2.0,1.762,0.4,0.5,0.3524
751,55.57,32,1.6,0.4,0.64,0.0,0.2,0.0,1.6,5.0,0.2,1.0,0.0,0.2,0.0,2,0.2,0.4,0,0.2,0.0,2.2,2.04,0.4,0.5,0.408
752,1.99,32,1.12,0.4,0.448,0.0,0.2,0.0,1.12,5.0,0.2,1.0,0.05,0.2,0.01,2,0.2,0.4,0,0.2,0.0,2.2,1.858,0.4,0.5,0.3716
753,1.99,NUH,0.55,0.2,0.11,0.0,0.2,0.0,0.55,5.0,0.2,1.0,0.67,0.2,0.134,2,0.2,0.4,0,0.2,0.0,2.0,1.644,0.4,0.5,0.3288
755,55.57,32,0.0,0.2,0.0,8.49,0.6,5.094,8.49,5.0,0.2,1.0,0.43,0.2,0.086,2,0.2,0.4,0,0.2,0.0,3.2,6.58,0.4,0.5,1.316
756,2.72,16,0.0,0.2,0.0,0.0,0.2,0.0,0.0,5.0,0.2,1.0,0.0,0.2,0.0,4,0.2,0.8,0,0.2,0.0,2.2,1.8,0.8,0.5,0.72
757,2.72,32,0.84,0.2,0.168,0.0,0.2,0.0,0.84,5.0,0.2,1.0,8.21,0.4,3.284,2,0.2,0.4,0,0.2,0.0,2.2,4.852,0.4,0.5,0.9704
758,59.85,21,0.42,0.2,0.084,0.0,0.2,0.0,0.42,5.0,0.2,1.0,0.0,0.2,0.0,4,0.2,0.8,0,0.2,0.0,2.2,1.884,0.8,0.5,0.7536
760,55.57,6,0.84,0.2,0.168,0.0,0.2,0.0,0.84,5.0,0.2,1.0,0.0,0.2,0.0,2,0.2,0.4,0,0.2,0.0,2.0,1.568,0.4,0.5,0.3136
761,2.72,16,3.26,0.6,1.956,2.81,0.2,0.562,6.07,6.0,0.6,3.6,21.6,0.6,12.96,4,0.2,0.8,0,0.2,0.0,3.8,19.878,0.8,0.5,7.9512
764,55.57,22,0.49,0.2,0.098,0.55,0.2,0.11,1.04,5.0,0.2,1.0,0.0,0.2,0.0,2,0.2,0.4,0,0.2,0.0,2.0,1.608,0.4,0.5,0.3216
766,1.85,6,0.79,0.2,0.158,0.0,0.2,0.0,0.79,5.0,0.2,1.0,3.54,0.2,0.708,2,0.2,0.4,0,0.2,0.0,2.0,2.266,0.4,0.5,0.4532
767,3.41,39,1.07,0.4,0.428,0.0,0.2,0.0,1.07,5.0,0.2,1.0,10.02,0.6,6.012,2,0.2,0.4,0,0.2,0.0,2.6,7.84,0.4,0.5,1.568
768,3.41,13,1.01,0.4,0.404,0.0,0.2,0.0,1.01,5.0,0.2,1.0,0.0,0.2,0.0,2,0.2,0.4,0,0.2,0.0,2.2,1.804,0.4,0.5,0.3608
769,2.37,2,7.59,0.6,4.554,1.47,0.4,0.588,9.06,5.5,0.4,2.2,36.29,0.6,21.774,6,0.2,1.2,0,0.2,0.0,4.2,30.316,1.2,0.5,18.1896
770,3.89,4,0.0,0.2,0.0,1.1,0.2,0.22,1.1,5.0,0.2,1.0,0.007,0.2,0.0014,2,0.2,0.4,0,0.2,0.0,2.0,1.6214,0.4,0.5,0.32428
771,3.89,3,0.02,0.2,0.004,5.94,0.4,2.376,5.96,5.0,0.2,1.0,0.01,0.2,0.002,2,0.2,0.4,0,0.2,0.0,2.6,3.782,0.4,0.5,0.7564
773,2.72,18,5.11,0.6,3.066,53.76,0.6,32.256,58.87,6.0,0.6,3.6,48.56,0.6,29.136,2,0.2,0.4,2,0.6,1.2,5.2,69.658,1.6,0.5,55.7264
774,1.99,5,0.56,0.2,0.112,0.0,0.2,0.0,0.56,5.0,0.2,1.0,1.75,0.2,0.35,2,0.2,0.4,0,0.2,0.0,2.0,1.862,0.4,0.5,0.3724
775,21.61,6,0.88,0.2,0.176,1.07,0.4,0.428,1.95,5.0,0.2,1.0,0.76,0.2,0.152,2,0.2,0.4,0,0.2,0.0,2.6,2.156,0.4,0.5,0.4312
