ID,quality
1,6
2,5
3,5
4,6
5,6
6,5
8,6
9,4
10,6
11,5
14,5
15,6
16,5
17,4
18,5
19,6
20,5
21,7
22,6
23,8
24,6
26,7
28,6
29,6
30,5
31,7
32,6
33,5
34,5
36,7
37,6
38,7
40,5
41,5
42,8
44,6
45,5
46,6
47,6
48,4
49,5
50,7
51,6
52,7
53,5
54,5
55,6
56,5
57,6
60,7
62,6
63,5
64,6
65,5
67,5
68,5
69,6
70,5
71,5
72,6
73,6
74,6
75,6
76,5
79,6
80,6
81,6
82,6
83,5
85,7
86,5
87,7
88,6
89,4
90,5
91,6
92,6
93,5
94,6
95,5
97,5
98,5
99,6
100,5
101,5
102,6
103,6
104,6
105,7
106,5
107,6
108,6
109,5
110,5
112,6
113,4
115,6
116,5
117,7
119,5
120,6
121,5
122,5
123,6
125,5
126,6
127,5
128,6
129,6
130,5
131,5
132,5
133,5
134,7
135,6
136,5
137,5
139,5
140,5
143,6
144,5
145,7
146,7
147,6
148,5
150,7
151,5
153,6
154,3
156,5
157,6
158,6
159,5
161,6
162,5
163,7
165,5
166,7
167,6
168,7
169,5
171,6
172,5
173,5
174,6
175,5
176,6
177,5
179,7
180,6
181,6
182,6
185,5
186,6
187,5
188,5
189,7
190,5
191,7
192,5
193,5
194,5
196,6
197,5
199,7
201,6
202,6
204,7
205,6
206,6
207,6
208,5
209,6
211,5
212,6
214,6
215,5
216,6
217,4
218,7
219,6
223,5
224,8
226,7
227,5
230,6
231,6
232,5
233,7
234,5
235,5
237,5
238,5
239,6
240,5
241,5
242,5
243,6
244,6
245,7
246,4
247,7
248,8
249,7
250,6
252,5
253,6
254,7
256,6
257,5
258,4
259,6
260,7
261,5
262,5
263,6
264,3
265,4
266,5
267,5
268,5
269,5
270,5
271,5
272,5
273,5
274,7
275,5
276,5
277,6
278,5
279,7
281,6
282,6
283,5
284,6
285,5
286,7
287,5
288,6
289,5
290,5
292,6
293,5
294,5
295,5
296,6
297,8
298,5
299,4
300,5
301,6
303,6
304,6
305,6
306,5
307,5
308,5
309,5
310,5
311,6
312,5
313,5
314,5
315,5
316,7
317,7
319,5
320,5
322,6
323,5
324,5
325,6
326,6
327,6
328,6
329,5
331,6
332,5
333,5
335,6
336,5
337,6
338,6
339,5
341,6
342,6
343,5
344,6
347,5
348,5
349,6
350,5
351,7
353,3
354,6
355,5
356,5
357,6
358,5
359,5
360,5
361,5
362,5
363,6
364,6
365,6
367,5
368,7
369,5
371,5
372,7
373,5
374,6
376,5
377,4
379,5
380,6
382,8
383,6
384,6
386,5
387,5
388,6
390,5
392,5
393,5
394,5
396,6
397,6
398,6
399,7
402,5
403,5
405,6
406,6
408,5
409,5
410,7
411,7
412,5
414,6
415,6
416,5
417,5
418,5
419,6
420,5
421,5
422,6
423,7
424,6
426,6
428,5
430,5
431,4
433,5
434,5
436,7
437,6
438,5
440,6
441,5
442,7
443,7
444,5
447,6
448,4
449,6
450,6
451,5
452,6
453,7
454,5
455,5
456,5
457,5
458,4
459,6
460,6
461,5
462,5
463,6
464,5
465,7
466,6
467,5
469,5
470,5
471,6
472,7
473,6
474,5
475,5
477,4
478,5
479,5
480,6
481,5
483,5
484,6
486,6
487,6
491,4
492,6
494,6
495,5
496,6
497,6
498,6
499,5
500,5
501,6
503,5
504,8
505,5
507,7
508,5
509,5
511,5
512,5
514,5
515,5
516,6
517,7
518,6
519,7
520,5
521,7
523,6
524,5
526,7
527,5
528,7
529,7
530,6
531,6
532,5
533,7
534,5
536,5
537,6
538,5
540,6
542,5
543,6
544,6
545,5
546,5
549,5
550,5
551,5
555,6
557,5
558,6
561,6
564,6
566,7
567,5
569,5
570,5
571,6
572,6
573,6
574,5
575,6
577,6
578,5
579,6
581,4
582,4
583,6
584,6
585,6
586,6
587,5
588,6
589,6
592,6
593,7
595,7
597,6
598,7
599,5
601,5
603,7
604,5
606,6
607,6
609,5
610,5
611,5
612,5
613,7
614,5
615,5
617,5
618,6
619,5
620,6
621,5
622,6
623,6
624,5
625,6
626,6
627,6
628,6
629,3
630,6
631,6
632,5
633,5
634,5
635,5
637,5
640,6
642,5
643,5
645,5
646,5
647,5
648,6
649,6
650,5
652,7
653,6
654,5
655,6
656,6
657,5
659,6
661,7
662,6
663,6
664,6
668,6
669,5
670,6
672,5
673,6
674,6
675,6
676,5
677,5
679,7
680,6
682,5
683,6
686,7
688,6
690,5
692,5
693,5
694,6
695,6
696,7
697,5
698,6
700,5
701,5
702,6
703,6
704,7
705,5
709,5
712,5
713,6
714,5
715,3
716,5
717,3
718,5
719,6
720,5
721,5
722,5
723,5
724,7
725,6
726,5
727,5
728,7
729,6
730,7
731,6
732,6
733,5
734,6
735,5
736,6
737,6
739,5
742,6
743,6
744,6
746,6
747,5
748,6
749,5
751,4
753,6
754,5
756,7
758,6
760,7
762,5
763,6
764,6
766,7
767,6
768,6
770,5
771,5
773,7
776,6
777,5
778,7
780,5
781,6
783,6
784,5
785,6
787,5
788,5
790,6
791,6
792,6
793,5
794,5
795,7
796,5
797,7
798,5
799,6
800,6
801,5
802,5
803,6
804,7
805,5
806,5
807,5
808,5
809,6
810,5
812,4
813,6
814,5
816,5
817,5
818,6
819,5
820,6
821,6
822,7
823,7
824,7
825,5
827,5
828,5
829,6
830,6
832,5
833,6
834,5
835,6
837,5
838,6
839,7
840,6
841,5
842,5
843,6
844,5
845,6
846,6
849,6
850,5
851,5
852,6
854,5
855,6
856,5
857,6
858,6
859,6
860,7
861,6
862,5
863,6
865,5
867,5
869,5
870,6
871,6
872,7
874,5
875,5
876,6
880,6
881,7
882,6
884,6
885,7
886,5
888,6
889,6
891,5
892,6
893,5
894,7
895,6
896,7
898,6
899,6
901,5
902,7
903,7
904,6
905,6
907,7
908,7
909,5
910,6
911,5
912,6
913,7
914,5
915,6
916,6
917,6
918,5
921,5
922,6
923,6
925,5
926,5
927,7
930,5
932,5
934,5
936,5
937,7
938,5
939,6
940,6
941,6
942,5
943,6
944,5
946,5
947,7
948,5
949,6
950,8
951,5
952,5
953,5
955,6
956,6
957,6
958,6
959,7
960,8
961,6
962,5
964,5
965,7
969,5
970,6
971,6
972,5
973,5
974,6
975,5
976,6
977,5
981,6
982,5
984,3
985,5
986,5
987,6
988,4
989,7
990,6
992,6
993,6
995,5
996,6
997,6
998,6
999,5
1000,6
1001,5
1002,5
1003,7
1004,5
1006,5
1007,6
1008,5
1009,6
1011,5
1012,5
1013,6
1014,5
1015,5
1016,6
1018,5
1019,6
1020,5
1021,6
1022,5
1023,6
1024,6
1025,6
1026,5
1028,7
1029,6
1030,6
1031,6
1032,5
1034,6
1035,7
1036,7
1037,5
1038,5
1039,6
1040,7
1042,6
1043,5
1044,6
1048,4
1049,5
1050,6
1052,5
1053,6
1055,6
1056,5
1057,6
1058,6
1060,5
1061,6
1062,5
1064,7
1065,5
1066,6
1067,5
1068,6
1069,6
1071,4
1072,8
1073,6
1074,5
1076,5
1077,4
1078,6
1079,5
1080,6
1081,6
1083,6
1084,5
1085,6
1086,5
1087,7
1088,6
1089,6
1090,5
1091,5
1092,5
1094,7
1095,6
1096,5
1098,5
1099,6
1100,5
1101,5
1102,5
1103,6
1104,6
1105,6
1106,5
1107,7
1109,6
1110,5
1111,7
1112,5
1113,5
1114,6
1115,5
1116,6
1117,5
1118,5
1119,6
1120,6
1122,6
1124,6
1125,6
1126,6
1127,6
1128,6
1129,4
1130,5
1131,7
1132,5
1134,5
1135,5
1136,6
1138,5
1139,7
1140,3
1141,7
1142,5
1143,5
1144,5
1145,8
1146,6
1149,5
1150,7
1151,6
1152,5
1153,6
1154,7
1155,7
1156,6
1157,5
1158,5
1159,6
1160,5
1161,5
1162,6
1163,6
1164,5
1165,6
1166,5
1167,6
1168,6
1169,5
1171,6
1174,7
1175,6
1176,5
1177,7
1178,5
1179,8
1181,5
1182,5
1183,5
1184,5
1185,5
1186,5
1187,7
1189,4
1190,5
1196,5
1198,4
1200,6
1201,5
1202,5
1203,3
1204,5
1206,6
1207,6
1208,5
1209,6
1210,5
1211,5
1212,5
1213,7
1214,6
1215,7
1217,7
1218,7
1220,6
1223,5
1224,6
1225,6
1226,5
1227,6
1228,5
1230,4
1231,5
1232,5
1233,6
1234,6
1236,6
1237,6
1238,5
1240,5
1241,6
1242,5
1243,4
1244,5
1245,6
1246,5
1247,5
1248,6
1249,6
1250,7
1251,6
1253,6
1254,6
1255,6
1256,7
1257,6
1260,7
1261,5
1262,6
1264,6
1266,6
1267,6
1268,5
1269,5
1270,6
1271,5
1272,5
1274,4
1275,6
1276,5
1277,6
1278,6
1279,5
1280,6
1283,6
1284,4
1285,7
1286,6
1287,6
1288,6
1289,6
1290,4
1291,7
1293,6
1294,6
1296,6
1297,5
1299,6
1300,5
1302,6
1303,6
1306,6
1307,5
1308,6
1309,6
1310,5
1311,7
1312,5
1313,5
1314,6
1315,6
1316,6
1317,5
1318,6
1321,7
1322,6
1323,7
1324,6
1325,7
1326,5
1327,5
1328,6
1329,6
1330,5
1331,5
1332,5
1334,5
1335,6
1336,6
1337,8
1338,5
1340,6
1341,6
1342,6
1343,7
1345,6
1346,5
1347,6
1348,7
1349,6
1350,5
1352,8
1353,5
1354,4
1355,6
1357,6
1358,5
1359,5
1361,6
1362,6
1363,6
1364,6
1365,5
1366,7
1368,7
1369,6
1370,6
1371,5
1372,7
1373,5
1374,5
1375,6
1377,6
1378,5
1379,5
1380,6
1381,6
1384,5
1385,6
1388,7
1389,5
1390,6
1391,6
1392,6
1393,6
1394,6
1395,5
1396,6
1397,5
1398,5
1399,6
1400,6
1401,5
1402,5
1403,6
1405,5
1406,5
1407,5
1408,6
1409,6
1410,6
1413,5
1414,5
1415,6
1417,5
1419,6
1420,6
1421,5
1422,4
1423,6
1424,5
1426,6
1427,6
1428,6
1429,5
1430,7
1434,6
1436,6
1437,6
1438,6
1439,6
1440,5
1441,6
1442,5
1443,6
1446,7
1447,5
1448,5
1450,6
1451,5
1452,6
1453,7
1455,5
1456,5
1457,7
1458,7
1459,5
1461,5
1462,6
1463,7
1464,7
1466,5
1467,6
1468,5
1469,7
1470,6
1472,6
1473,6
1475,5
1476,6
1477,5
1478,5
1480,5
1481,5
1482,4
1484,5
1485,5
1486,5
1489,5
1490,4
1492,6
1493,6
1496,6
1497,6
1499,5
1500,6
1501,5
1502,5
1503,6
1504,8
1505,6
1508,6
1509,5
1511,5
1512,6
1513,7
1514,6
1516,7
1517,6
1518,7
1519,5
1520,5
1522,5
1523,5
1524,5
1525,5
1526,5
1527,7
1528,5
1529,6
1530,5
1531,6
1532,5
1533,6
1534,5
1535,6
1536,5
1537,6
1538,7
1539,5
1540,6
1542,6
1543,4
1545,6
1546,6
1548,6
1549,5
1550,7
1551,6
1552,7
1553,7
1554,6
1555,6
1556,6
1557,5
1558,7
1559,5
1560,7
1562,6
1563,6
1564,4
1565,6
1566,6
1567,6
1568,6
1569,5
1570,5
1571,6
1572,6
1573,7
1574,5
1575,5
1576,5
1577,5
1578,6
1579,5
1580,7
1581,7
1583,6
1584,6
1585,5
1586,5
1588,6
1590,5
1593,5
1594,7
1596,5
1597,5
1598,4
