ID,Chance of Admit
0,0.61
1,0.69
2,0.68
3,0.73
4,0.77
5,0.64
6,0.74
7,0.91
8,0.83
9,0.87
10,0.96
11,0.53
12,0.8
14,0.59
15,0.85
17,0.8
18,0.63
19,0.84
20,0.84
21,0.74
22,0.51
24,0.47
26,0.77
27,0.78
28,0.71
30,0.71
31,0.72
32,0.67
33,0.61
34,0.81
36,0.73
39,0.71
40,0.82
41,0.68
42,0.73
43,0.58
44,0.42
45,0.6
46,0.74
47,0.91
48,0.96
49,0.82
50,0.8
51,0.92
52,0.96
53,0.81
54,0.53
55,0.92
56,0.65
58,0.56
59,0.85
60,0.92
61,0.7
63,0.64
64,0.54
66,0.95
67,0.59
68,0.69
69,0.67
70,0.47
71,0.84
72,0.91
73,0.54
74,0.63
75,0.47
76,0.58
77,0.57
78,0.45
79,0.89
80,0.66
83,0.94
84,0.64
85,0.76
86,0.77
87,0.67
89,0.9
90,0.71
91,0.93
93,0.72
94,0.78
95,0.72
96,0.64
97,0.81
98,0.44
100,0.77
101,0.61
103,0.78
104,0.61
105,0.76
106,0.78
107,0.74
109,0.65
111,0.77
112,0.72
113,0.75
114,0.84
115,0.46
117,0.76
118,0.67
119,0.68
121,0.68
122,0.84
123,0.62
124,0.86
126,0.72
127,0.74
128,0.67
129,0.56
130,0.96
131,0.78
133,0.95
134,0.94
135,0.96
136,0.68
138,0.61
139,0.68
140,0.67
141,0.76
142,0.63
144,0.42
145,0.38
146,0.64
148,0.76
150,0.68
151,0.65
152,0.81
153,0.9
154,0.81
155,0.79
156,0.75
158,0.65
159,0.84
160,0.53
161,0.91
162,0.62
163,0.71
164,0.62
167,0.89
169,0.64
170,0.94
171,0.51
173,0.78
174,0.85
175,0.52
176,0.8
177,0.54
178,0.67
179,0.97
180,0.89
181,0.64
182,0.7
183,0.92
184,0.75
185,0.78
186,0.72
187,0.73
188,0.69
189,0.86
190,0.46
191,0.82
192,0.66
193,0.71
194,0.89
195,0.7
197,0.52
199,0.59
200,0.68
202,0.85
203,0.52
204,0.84
205,0.65
206,0.46
207,0.94
208,0.93
210,0.74
211,0.59
213,0.78
214,0.71
215,0.64
216,0.78
219,0.78
220,0.7
221,0.62
222,0.8
223,0.73
224,0.84
225,0.58
226,0.8
227,0.81
228,0.48
230,0.89
232,0.7
233,0.61
234,0.73
237,0.79
238,0.47
239,0.62
240,0.69
241,0.75
242,0.83
245,0.36
247,0.8
248,0.83
249,0.74
250,0.85
251,0.71
252,0.79
253,0.92
254,0.49
255,0.74
256,0.94
257,0.94
259,0.64
260,0.93
261,0.67
262,0.68
263,0.5
264,0.43
266,0.37
267,0.55
268,0.76
269,0.62
270,0.46
272,0.64
273,0.97
275,0.73
276,0.88
277,0.8
278,0.91
280,0.92
282,0.52
284,0.59
285,0.49
286,0.89
287,0.79
289,0.86
290,0.95
291,0.64
292,0.7
293,0.49
294,0.79
295,0.76
296,0.46
297,0.54
298,0.71
299,0.96
300,0.74
303,0.94
304,0.94
305,0.72
307,0.65
309,0.65
312,0.94
314,0.56
315,0.71
316,0.84
317,0.72
318,0.87
319,0.67
321,0.7
322,0.78
323,0.42
324,0.34
325,0.77
326,0.75
327,0.66
329,0.71
330,0.63
333,0.87
334,0.73
335,0.56
336,0.66
337,0.77
338,0.71
339,0.57
340,0.58
341,0.91
342,0.52
343,0.89
344,0.88
346,0.92
347,0.81
348,0.82
349,0.61
350,0.87
351,0.72
352,0.57
353,0.63
354,0.34
355,0.66
356,0.93
357,0.62
359,0.79
360,0.93
361,0.62
363,0.45
365,0.73
367,0.38
368,0.89
369,0.57
370,0.73
371,0.79
372,0.9
373,0.66
374,0.88
375,0.58
376,0.73
378,0.74
379,0.54
381,0.9
382,0.97
383,0.9
385,0.86
386,0.78
387,0.67
390,0.87
392,0.79
394,0.61
396,0.62
397,0.74
399,0.73
400,0.64
402,0.48
403,0.58
404,0.83
405,0.72
406,0.71
407,0.66
409,0.79
410,0.53
413,0.65
414,0.59
416,0.72
417,0.71
418,0.76
419,0.63
420,0.5
421,0.78
422,0.94
423,0.72
425,0.94
427,0.88
428,0.84
429,0.6
430,0.62
431,0.94
434,0.73
435,0.65
436,0.71
437,0.64
438,0.77
439,0.79
440,0.94
442,0.64
443,0.72
444,0.72
446,0.93
447,0.81
448,0.86
449,0.64
452,0.9
453,0.96
454,0.45
455,0.7
456,0.9
457,0.74
458,0.48
460,0.86
462,0.69
463,0.58
464,0.82
466,0.68
468,0.64
469,0.73
470,0.92
471,0.57
472,0.82
473,0.71
474,0.79
475,0.42
476,0.66
477,0.91
478,0.84
479,0.71
480,0.79
481,0.82
482,0.72
483,0.8
486,0.77
487,0.53
488,0.36
490,0.82
491,0.57
492,0.73
493,0.58
494,0.8
495,0.72
496,0.57
497,0.44
498,0.71
