CRIM,ZN,INDUS,CHAS,NOX,AGE,DIS,RAD,TAX,PTRATIO,B,LSTAT1,LSTAT2,MEDV
0.00632,18.0,2.31,0.0,0.538,65.2,4.09,1.0,296.0,15.3,396.9,4.98,5.0520000000000005,24.0
0.02731,0.0,7.07,0.0,0.469,78.9,4.9671,2.0,242.0,17.8,396.9,9.14,9.444,21.6
0.02729,0.0,7.07,0.0,0.469,61.1,4.9671,2.0,242.0,17.8,392.83,4.03,3.8970000000000002,34.7
0.03237,0.0,2.18,0.0,0.458,45.8,6.0622,3.0,222.0,18.7,394.63,2.94,2.941,33.4
0.06905,0.0,2.18,0.0,0.458,54.2,6.0622,3.0,222.0,18.7,396.9,5.33,5.4075,36.2
0.02985,0.0,2.18,0.0,0.458,58.7,6.0622,3.0,222.0,18.7,394.12,5.21,5.382,28.7
0.08829,12.5,7.87,0.0,0.524,66.6,5.5605,5.0,311.0,15.2,395.6,12.43,12.615499999999999,22.9
0.14455,12.5,7.87,0.0,0.524,96.1,5.9505,5.0,311.0,15.2,396.9,19.15,19.391,27.1
0.21124,12.5,7.87,0.0,0.524,100.0,6.0821,5.0,311.0,15.2,386.63,29.93,30.1015,16.5
0.17004,12.5,7.87,0.0,0.524,85.9,6.5921,5.0,311.0,15.2,386.71,17.1,17.892000000000003,18.9
0.22489,12.5,7.87,0.0,0.524,94.3,6.3467,5.0,311.0,15.2,392.52,20.45,20.5385,15.0
0.11747,12.5,7.87,0.0,0.524,82.9,6.2267,5.0,311.0,15.2,396.9,13.27,13.0405,18.9
0.09378,12.5,7.87,0.0,0.524,39.0,5.4509,5.0,311.0,15.2,390.5,15.71,15.8815,21.7
0.62976,0.0,8.14,0.0,0.538,61.8,4.7075,4.0,307.0,21.0,396.9,8.26,8.5265,20.4
0.63796,0.0,8.14,0.0,0.538,84.5,4.4619,4.0,307.0,21.0,380.02,10.26,10.1365,18.2
0.62739,0.0,8.14,0.0,0.538,56.5,4.4986,4.0,307.0,21.0,395.62,8.47,8.165000000000001,19.9
1.05393,0.0,8.14,0.0,0.538,29.3,4.4986,4.0,307.0,21.0,386.85,6.58,6.3065,23.1
0.7842,0.0,8.14,0.0,0.538,81.7,4.2579,4.0,307.0,21.0,386.75,14.67,14.725999999999999,17.5
0.80271,0.0,8.14,0.0,0.538,36.6,3.7965,4.0,307.0,21.0,288.99,11.69,11.1625,20.2
0.7258,0.0,8.14,0.0,0.538,69.5,3.7965,4.0,307.0,21.0,390.95,11.28,11.1885,18.2
1.25179,0.0,8.14,0.0,0.538,98.1,3.7979,4.0,307.0,21.0,376.57,21.02,20.3405,13.6
0.85204,0.0,8.14,0.0,0.538,89.2,4.0123,4.0,307.0,21.0,392.53,13.83,13.852,19.6
1.23247,0.0,8.14,0.0,0.538,91.7,3.9769,4.0,307.0,21.0,396.9,18.72,19.13,15.2
0.98843,0.0,8.14,0.0,0.538,100.0,4.0952,4.0,307.0,21.0,394.54,19.88,19.0035,14.5
0.75026,0.0,8.14,0.0,0.538,94.1,4.3996,4.0,307.0,21.0,394.33,16.3,16.498,15.6
0.84054,0.0,8.14,0.0,0.538,85.7,4.4546,4.0,307.0,21.0,303.42,16.51,16.400000000000002,13.9
0.67191,0.0,8.14,0.0,0.538,90.3,4.682,4.0,307.0,21.0,376.88,14.81,14.926,16.6
0.95577,0.0,8.14,0.0,0.538,88.8,4.4534,4.0,307.0,21.0,306.38,17.28,17.1615,14.8
0.77299,0.0,8.14,0.0,0.538,94.4,4.4547,4.0,307.0,21.0,387.94,12.8,13.198,18.4
1.00245,0.0,8.14,0.0,0.538,87.3,4.239,4.0,307.0,21.0,380.23,11.98,11.5295,21.0
1.13081,0.0,8.14,0.0,0.538,94.1,4.233,4.0,307.0,21.0,360.17,22.6,23.6765,12.7
1.35472,0.0,8.14,0.0,0.538,100.0,4.175,4.0,307.0,21.0,376.73,13.04,13.379999999999999,14.5
1.38799,0.0,8.14,0.0,0.538,82.0,3.99,4.0,307.0,21.0,232.6,27.71,26.514,13.2
1.15172,0.0,8.14,0.0,0.538,95.0,3.7872,4.0,307.0,21.0,358.77,18.35,19.189500000000002,13.1
1.61282,0.0,8.14,0.0,0.538,96.9,3.7598,4.0,307.0,21.0,248.31,20.34,20.948,13.5
0.06417,0.0,5.96,0.0,0.499,68.2,3.3603,5.0,279.0,19.2,396.9,9.68,9.4965,18.9
0.09744,0.0,5.96,0.0,0.499,61.4,3.3779,5.0,279.0,19.2,377.56,11.41,11.377,20.0
0.08014,0.0,5.96,0.0,0.499,41.5,3.9342,5.0,279.0,19.2,396.9,8.77,8.898,21.0
0.17505,0.0,5.96,0.0,0.499,30.2,3.8473,5.0,279.0,19.2,393.43,10.13,9.820500000000001,24.7
0.02763,75.0,2.95,0.0,0.428,21.8,5.4011,3.0,252.0,18.3,395.63,4.32,4.3405000000000005,30.8
0.03359,75.0,2.95,0.0,0.428,15.8,5.4011,3.0,252.0,18.3,395.62,1.98,2.0275,34.9
0.12744,0.0,6.91,0.0,0.448,2.9,5.7209,3.0,233.0,17.9,385.41,4.84,5.004,26.6
0.1415,0.0,6.91,0.0,0.448,6.6,5.7209,3.0,233.0,17.9,383.37,5.81,5.8225,25.3
0.15936,0.0,6.91,0.0,0.448,6.5,5.7209,3.0,233.0,17.9,394.46,7.44,7.2845,24.7
0.12269,0.0,6.91,0.0,0.448,40.0,5.7209,3.0,233.0,17.9,389.39,9.55,9.9785,21.2
0.17142,0.0,6.91,0.0,0.448,33.8,5.1004,3.0,233.0,17.9,396.9,10.21,9.808000000000002,19.3
0.18836,0.0,6.91,0.0,0.448,33.3,5.1004,3.0,233.0,17.9,396.9,14.15,13.891,20.0
0.22927,0.0,6.91,0.0,0.448,85.5,5.6894,3.0,233.0,17.9,392.74,18.8,17.906000000000002,16.6
0.25387,0.0,6.91,0.0,0.448,95.3,5.87,3.0,233.0,17.9,396.9,30.81,30.502499999999998,14.4
0.21977,0.0,6.91,0.0,0.448,62.0,6.0877,3.0,233.0,17.9,396.9,16.2,16.046499999999998,19.4
0.08873,21.0,5.64,0.0,0.439,45.7,6.8147,4.0,243.0,16.8,395.56,13.45,12.847999999999999,19.7
0.04337,21.0,5.64,0.0,0.439,63.0,6.8147,4.0,243.0,16.8,393.97,9.43,9.506,20.5
0.0536,21.0,5.64,0.0,0.439,21.1,6.8147,4.0,243.0,16.8,396.9,5.28,5.0895,25.0
0.04981,21.0,5.64,0.0,0.439,21.4,6.8147,4.0,243.0,16.8,396.9,8.43,8.229,23.4
0.0136,75.0,4.0,0.0,0.41,47.6,7.3197,3.0,469.0,21.1,396.9,14.8,14.1445,18.9
0.01311,90.0,1.22,0.0,0.403,21.9,8.6966,5.0,226.0,17.9,395.93,4.81,4.733499999999999,35.4
0.02055,85.0,0.74,0.0,0.41,35.7,9.1876,2.0,313.0,17.3,396.9,5.77,5.823499999999999,24.7
0.01432,100.0,1.32,0.0,0.411,40.5,8.3248,5.0,256.0,15.1,392.9,3.95,3.7535000000000003,31.6
0.15445,25.0,5.13,0.0,0.453,29.2,7.8148,8.0,284.0,19.7,390.68,6.86,6.5375000000000005,23.3
0.10328,25.0,5.13,0.0,0.453,47.2,6.932,8.0,284.0,19.7,396.9,9.22,9.288,19.6
0.14932,25.0,5.13,0.0,0.453,66.2,7.2254,8.0,284.0,19.7,395.11,13.15,13.403500000000001,18.7
0.17171,25.0,5.13,0.0,0.453,93.4,6.8185,8.0,284.0,19.7,378.08,14.44,14.083499999999999,16.0
0.11027,25.0,5.13,0.0,0.453,67.8,7.2255,8.0,284.0,19.7,396.9,6.73,6.9435,22.2
0.1265,25.0,5.13,0.0,0.453,43.4,7.9809,8.0,284.0,19.7,395.58,9.5,9.6955,25.0
0.01951,17.5,1.38,0.0,0.4161,59.5,9.2229,3.0,216.0,18.6,393.24,8.05,8.2805,33.0
0.03584,80.0,3.37,0.0,0.398,17.8,6.6115,4.0,337.0,16.1,396.9,4.67,4.4635,23.5
0.04379,80.0,3.37,0.0,0.398,31.1,6.6115,4.0,337.0,16.1,396.9,10.24,10.6695,19.4
0.05789,12.5,6.07,0.0,0.409,21.4,6.498,4.0,345.0,18.9,396.21,8.1,8.1845,22.0
0.13554,12.5,6.07,0.0,0.409,36.8,6.498,4.0,345.0,18.9,396.9,13.09,13.222999999999999,17.4
0.12816,12.5,6.07,0.0,0.409,33.0,6.498,4.0,345.0,18.9,396.9,8.79,9.037999999999998,20.9
0.08826,0.0,10.81,0.0,0.413,6.6,5.2873,4.0,305.0,19.2,383.73,6.72,6.5965,24.2
0.15876,0.0,10.81,0.0,0.413,17.5,5.2873,4.0,305.0,19.2,376.94,9.88,10.132000000000001,21.7
0.09164,0.0,10.81,0.0,0.413,7.8,5.2873,4.0,305.0,19.2,390.91,5.52,5.553999999999999,22.8
0.19539,0.0,10.81,0.0,0.413,6.2,5.2873,4.0,305.0,19.2,377.17,7.54,7.365,23.4
0.07896,0.0,12.83,0.0,0.437,6.0,4.2515,5.0,398.0,18.7,394.92,6.78,6.712000000000001,24.1
0.09512,0.0,12.83,0.0,0.437,45.0,4.5026,5.0,398.0,18.7,383.23,8.94,8.526,21.4
0.10153,0.0,12.83,0.0,0.437,74.5,4.0522,5.0,398.0,18.7,373.66,11.97,12.143500000000001,20.0
0.08707,0.0,12.83,0.0,0.437,45.8,4.0905,5.0,398.0,18.7,386.96,10.27,10.4565,20.8
0.05646,0.0,12.83,0.0,0.437,53.7,5.0141,5.0,398.0,18.7,386.4,12.34,12.487,21.2
0.08387,0.0,12.83,0.0,0.437,36.6,4.5026,5.0,398.0,18.7,396.06,9.1,9.014999999999999,20.3
0.04113,25.0,4.86,0.0,0.426,33.5,5.4007,4.0,281.0,19.0,396.9,5.29,5.4085,28.0
0.04462,25.0,4.86,0.0,0.426,70.4,5.4007,4.0,281.0,19.0,395.63,7.22,7.556,23.9
0.03659,25.0,4.86,0.0,0.426,32.2,5.4007,4.0,281.0,19.0,396.9,6.72,6.8084999999999996,24.8
0.03551,25.0,4.86,0.0,0.426,46.7,5.4007,4.0,281.0,19.0,390.64,7.51,7.755,22.9
0.05059,0.0,4.49,0.0,0.449,48.0,4.7794,3.0,247.0,18.5,396.9,9.62,9.780999999999999,23.9
0.05735,0.0,4.49,0.0,0.449,56.1,4.4377,3.0,247.0,18.5,392.3,6.53,6.321000000000001,26.6
0.05188,0.0,4.49,0.0,0.449,45.1,4.4272,3.0,247.0,18.5,395.99,12.86,13.193999999999999,22.5
0.07151,0.0,4.49,0.0,0.449,56.8,3.7476,3.0,247.0,18.5,395.15,8.44,8.626999999999999,22.2
0.0566,0.0,3.41,0.0,0.489,86.3,3.4217,2.0,270.0,17.8,396.9,5.5,5.6385,23.6
0.05302,0.0,3.41,0.0,0.489,63.1,3.4145,2.0,270.0,17.8,396.06,5.7,5.8945,28.7
0.04684,0.0,3.41,0.0,0.489,66.1,3.0923,2.0,270.0,17.8,392.18,8.81,8.8345,22.6
0.03932,0.0,3.41,0.0,0.489,73.9,3.0921,2.0,270.0,17.8,393.55,8.2,8.131499999999999,22.0
0.04203,28.0,15.04,0.0,0.464,53.6,3.6659,4.0,270.0,18.2,395.01,8.16,8.153,22.9
0.02875,28.0,15.04,0.0,0.464,28.9,3.6659,4.0,270.0,18.2,396.33,6.21,6.2475,25.0
0.04294,28.0,15.04,0.0,0.464,77.3,3.615,4.0,270.0,18.2,396.9,10.59,11.039,20.6
0.12204,0.0,2.89,0.0,0.445,57.8,3.4952,2.0,276.0,18.0,357.98,6.65,6.4350000000000005,28.4
0.11504,0.0,2.89,0.0,0.445,69.6,3.4952,2.0,276.0,18.0,391.83,11.34,11.121,21.4
0.12083,0.0,2.89,0.0,0.445,76.0,3.4952,2.0,276.0,18.0,396.9,4.21,4.3405,38.7
0.08187,0.0,2.89,0.0,0.445,36.9,3.4952,2.0,276.0,18.0,393.53,3.57,3.4865,43.8
0.0686,0.0,2.89,0.0,0.445,62.5,3.4952,2.0,276.0,18.0,396.9,6.19,6.081,33.2
0.14866,0.0,8.56,0.0,0.52,79.9,2.7778,5.0,384.0,20.9,394.76,9.42,9.51,27.5
0.11432,0.0,8.56,0.0,0.52,71.3,2.8561,5.0,384.0,20.9,395.58,7.67,7.8565,26.5
0.22876,0.0,8.56,0.0,0.52,85.4,2.7147,5.0,384.0,20.9,70.8,10.63,10.166,18.6
0.21161,0.0,8.56,0.0,0.52,87.4,2.7147,5.0,384.0,20.9,394.47,13.44,13.2125,19.3
0.1396,0.0,8.56,0.0,0.52,90.0,2.421,5.0,384.0,20.9,392.69,12.33,11.718,20.1
0.13262,0.0,8.56,0.0,0.52,96.7,2.1069,5.0,384.0,20.9,394.05,16.47,16.852999999999998,19.5
0.1712,0.0,8.56,0.0,0.52,91.9,2.211,5.0,384.0,20.9,395.67,18.66,19.45,19.5
0.13117,0.0,8.56,0.0,0.52,85.2,2.1224,5.0,384.0,20.9,387.69,14.09,14.600999999999999,20.4
0.12802,0.0,8.56,0.0,0.52,97.1,2.4329,5.0,384.0,20.9,395.24,12.27,12.533,19.8
0.26363,0.0,8.56,0.0,0.52,91.2,2.5451,5.0,384.0,20.9,391.23,15.55,15.403,19.4
0.10793,0.0,8.56,0.0,0.52,54.4,2.7778,5.0,384.0,20.9,393.49,13.0,12.7745,21.7
0.10084,0.0,10.01,0.0,0.547,81.6,2.6775,6.0,432.0,17.8,395.59,10.16,9.734,22.8
0.12329,0.0,10.01,0.0,0.547,92.9,2.3534,6.0,432.0,17.8,394.95,16.21,15.75,18.8
0.22212,0.0,10.01,0.0,0.547,95.4,2.548,6.0,432.0,17.8,396.9,17.09,17.456,18.7
0.14231,0.0,10.01,0.0,0.547,84.2,2.2565,6.0,432.0,17.8,388.74,10.45,10.9065,18.5
0.17134,0.0,10.01,0.0,0.547,88.2,2.4631,6.0,432.0,17.8,344.91,15.76,16.4375,18.3
0.13158,0.0,10.01,0.0,0.547,72.5,2.7301,6.0,432.0,17.8,393.3,12.04,12.280999999999999,21.2
0.15098,0.0,10.01,0.0,0.547,82.6,2.7474,6.0,432.0,17.8,394.51,10.3,10.195,19.2
0.13058,0.0,10.01,0.0,0.547,73.1,2.4775,6.0,432.0,17.8,338.63,15.37,15.235999999999999,20.4
0.14476,0.0,10.01,0.0,0.547,65.2,2.7592,6.0,432.0,17.8,391.5,13.61,14.0205,19.3
0.06899,0.0,25.65,0.0,0.581,69.7,2.2577,2.0,188.0,19.1,389.15,14.37,15.0575,22.0
0.07165,0.0,25.65,0.0,0.581,84.1,2.1974,2.0,188.0,19.1,377.67,14.27,14.879999999999999,20.3
0.09299,0.0,25.65,0.0,0.581,92.9,2.0869,2.0,188.0,19.1,378.09,17.93,17.975,20.5
0.15038,0.0,25.65,0.0,0.581,97.0,1.9444,2.0,188.0,19.1,370.31,25.41,25.6305,17.3
0.09849,0.0,25.65,0.0,0.581,95.8,2.0063,2.0,188.0,19.1,379.38,17.58,18.214,18.8
0.16902,0.0,25.65,0.0,0.581,88.4,1.9929,2.0,188.0,19.1,385.02,14.81,14.1655,21.4
0.38735,0.0,25.65,0.0,0.581,95.6,1.7572,2.0,188.0,19.1,359.29,27.26,26.023000000000003,15.7
0.25915,0.0,21.89,0.0,0.624,96.0,1.7883,4.0,437.0,21.2,392.11,17.19,16.475,16.2
0.32543,0.0,21.89,0.0,0.624,98.8,1.8125,4.0,437.0,21.2,396.9,15.39,14.998000000000001,18.0
0.88125,0.0,21.89,0.0,0.624,94.7,1.9799,4.0,437.0,21.2,396.9,18.34,17.567,14.3
0.34006,0.0,21.89,0.0,0.624,98.9,2.1185,4.0,437.0,21.2,395.04,12.6,12.5495,19.2
1.19294,0.0,21.89,0.0,0.624,97.7,2.271,4.0,437.0,21.2,396.9,12.26,12.4815,19.6
0.59005,0.0,21.89,0.0,0.624,97.9,2.3274,4.0,437.0,21.2,385.76,11.12,10.575,23.0
0.32982,0.0,21.89,0.0,0.624,95.4,2.4699,4.0,437.0,21.2,388.69,15.03,15.53,18.4
0.97617,0.0,21.89,0.0,0.624,98.4,2.346,4.0,437.0,21.2,262.76,17.31,16.552,15.6
0.55778,0.0,21.89,0.0,0.624,98.2,2.1107,4.0,437.0,21.2,394.67,16.96,16.4675,18.1
0.32264,0.0,21.89,0.0,0.624,93.5,1.9669,4.0,437.0,21.2,378.25,16.9,16.4015,17.4
0.35233,0.0,21.89,0.0,0.624,98.4,1.8498,4.0,437.0,21.2,394.08,14.59,14.156,17.1
0.2498,0.0,21.89,0.0,0.624,98.2,1.6686,4.0,437.0,21.2,392.04,21.32,22.11,13.3
0.54452,0.0,21.89,0.0,0.624,97.9,1.6687,4.0,437.0,21.2,396.9,18.46,18.222,17.8
0.2909,0.0,21.89,0.0,0.624,93.6,1.6119,4.0,437.0,21.2,388.08,24.16,25.1495,14.0
1.62864,0.0,21.89,0.0,0.624,100.0,1.4394,4.0,437.0,21.2,396.9,34.41,34.913,14.4
3.32105,0.0,19.58,1.0,0.871,100.0,1.3216,5.0,403.0,14.7,396.9,26.82,27.4795,13.4
4.0974,0.0,19.58,0.0,0.871,100.0,1.4118,5.0,403.0,14.7,396.9,26.42,27.083000000000002,15.6
2.77974,0.0,19.58,0.0,0.871,97.8,1.3459,5.0,403.0,14.7,396.9,29.29,29.057,11.8
2.37934,0.0,19.58,0.0,0.871,100.0,1.4191,5.0,403.0,14.7,172.91,27.8,28.4105,13.8
2.15505,0.0,19.58,0.0,0.871,100.0,1.5166,5.0,403.0,14.7,169.27,16.65,17.1925,15.6
2.36862,0.0,19.58,0.0,0.871,95.7,1.4608,5.0,403.0,14.7,391.71,29.53,29.9785,14.6
2.33099,0.0,19.58,0.0,0.871,93.8,1.5296,5.0,403.0,14.7,356.99,28.32,29.706500000000002,17.8
2.73397,0.0,19.58,0.0,0.871,94.9,1.5257,5.0,403.0,14.7,351.85,21.45,22.1295,15.4
1.6566,0.0,19.58,0.0,0.871,97.3,1.618,5.0,403.0,14.7,372.8,14.1,13.754,21.5
1.49632,0.0,19.58,0.0,0.871,100.0,1.5916,5.0,403.0,14.7,341.6,13.28,13.5145,19.6
1.12658,0.0,19.58,1.0,0.871,88.0,1.6102,5.0,403.0,14.7,343.28,12.12,11.620999999999999,15.3
2.14918,0.0,19.58,0.0,0.871,98.5,1.6232,5.0,403.0,14.7,261.95,15.79,15.952,19.4
1.41385,0.0,19.58,1.0,0.871,96.0,1.7494,5.0,403.0,14.7,321.02,15.12,14.543999999999999,17.0
3.53501,0.0,19.58,1.0,0.871,82.6,1.7455,5.0,403.0,14.7,88.01,15.02,15.527,15.6
2.44668,0.0,19.58,0.0,0.871,94.0,1.7364,5.0,403.0,14.7,88.63,16.14,15.358500000000001,13.1
1.22358,0.0,19.58,0.0,0.605,97.4,1.8773,5.0,403.0,14.7,363.43,4.59,4.6005,41.3
1.34284,0.0,19.58,0.0,0.605,100.0,1.7573,5.0,403.0,14.7,353.89,6.43,6.656,24.3
1.42502,0.0,19.58,0.0,0.871,100.0,1.7659,5.0,403.0,14.7,364.31,7.39,7.287,23.3
1.27346,0.0,19.58,1.0,0.605,92.6,1.7984,5.0,403.0,14.7,338.92,5.5,5.403,27.0
1.46336,0.0,19.58,0.0,0.605,90.8,1.9709,5.0,403.0,14.7,374.43,1.73,1.8065,50.0
1.83377,0.0,19.58,1.0,0.605,98.2,2.0407,5.0,403.0,14.7,389.61,1.92,1.9249999999999998,50.0
1.51902,0.0,19.58,1.0,0.605,93.9,2.162,5.0,403.0,14.7,388.45,3.32,3.3529999999999998,50.0
2.24236,0.0,19.58,0.0,0.605,91.8,2.422,5.0,403.0,14.7,395.11,11.64,12.0995,22.7
2.924,0.0,19.58,0.0,0.605,93.0,2.2834,5.0,403.0,14.7,240.16,9.81,10.124500000000001,25.0
2.01019,0.0,19.58,0.0,0.605,96.2,2.0459,5.0,403.0,14.7,369.3,3.7,3.5775,50.0
1.80028,0.0,19.58,0.0,0.605,79.2,2.4259,5.0,403.0,14.7,227.61,12.14,11.564,23.8
2.3004,0.0,19.58,0.0,0.605,96.1,2.1,5.0,403.0,14.7,297.09,11.1,10.649,23.8
2.44953,0.0,19.58,0.0,0.605,95.2,2.2625,5.0,403.0,14.7,330.04,11.32,11.618500000000001,22.3
1.20742,0.0,19.58,0.0,0.605,94.6,2.4259,5.0,403.0,14.7,292.29,14.43,14.331,17.4
2.3139,0.0,19.58,0.0,0.605,97.3,2.3887,5.0,403.0,14.7,348.13,12.03,12.622,19.1
0.13914,0.0,4.05,0.0,0.51,88.5,2.5961,5.0,296.0,16.6,396.9,14.69,15.1965,23.1
0.09178,0.0,4.05,0.0,0.51,84.1,2.6463,5.0,296.0,16.6,395.5,9.04,8.872,23.6
0.08447,0.0,4.05,0.0,0.51,68.7,2.7019,5.0,296.0,16.6,393.23,9.64,10.0175,22.6
0.06664,0.0,4.05,0.0,0.51,33.1,3.1323,5.0,296.0,16.6,390.96,5.33,5.5155,29.4
0.07022,0.0,4.05,0.0,0.51,47.2,3.5549,5.0,296.0,16.6,393.23,10.11,10.1335,23.2
0.05425,0.0,4.05,0.0,0.51,73.4,3.3175,5.0,296.0,16.6,395.6,6.29,6.4065,24.6
0.06642,0.0,4.05,0.0,0.51,74.4,2.9153,5.0,296.0,16.6,391.27,6.92,7.0055,29.9
0.0578,0.0,2.46,0.0,0.488,58.4,2.829,3.0,193.0,17.8,396.9,5.04,5.099,37.2
0.06588,0.0,2.46,0.0,0.488,83.3,2.741,3.0,193.0,17.8,395.56,7.56,7.368499999999999,39.8
0.06888,0.0,2.46,0.0,0.488,62.2,2.5979,3.0,193.0,17.8,396.9,9.45,9.436,36.2
0.09103,0.0,2.46,0.0,0.488,92.2,2.7006,3.0,193.0,17.8,394.12,4.82,4.686,37.9
0.10008,0.0,2.46,0.0,0.488,95.6,2.847,3.0,193.0,17.8,396.9,5.68,5.624,32.5
0.08308,0.0,2.46,0.0,0.488,89.8,2.9879,3.0,193.0,17.8,391.0,13.98,13.780000000000001,26.4
0.06047,0.0,2.46,0.0,0.488,68.8,3.2797,3.0,193.0,17.8,387.11,13.15,12.7515,29.6
0.05602,0.0,2.46,0.0,0.488,53.6,3.1992,3.0,193.0,17.8,392.63,4.45,4.3105,50.0
0.07875,45.0,3.44,0.0,0.437,41.1,3.7886,5.0,398.0,15.2,393.87,6.68,6.601999999999999,32.0
0.12579,45.0,3.44,0.0,0.437,29.1,4.5667,5.0,398.0,15.2,382.84,4.56,4.685,29.8
0.0837,45.0,3.44,0.0,0.437,38.9,4.5667,5.0,398.0,15.2,396.9,5.39,5.223,34.9
0.09068,45.0,3.44,0.0,0.437,21.5,6.4798,5.0,398.0,15.2,377.68,5.1,5.2675,37.0
0.06911,45.0,3.44,0.0,0.437,30.8,6.4798,5.0,398.0,15.2,389.71,4.69,4.738,30.5
0.08664,45.0,3.44,0.0,0.437,26.3,6.4798,5.0,398.0,15.2,390.49,2.87,2.9065000000000003,36.4
0.02187,60.0,2.93,0.0,0.401,9.9,6.2196,1.0,265.0,15.6,393.37,5.03,5.2010000000000005,31.1
0.01439,60.0,2.93,0.0,0.401,18.8,6.2196,1.0,265.0,15.6,376.7,4.38,4.1659999999999995,29.1
0.01381,80.0,0.46,0.0,0.422,32.0,5.6484,4.0,255.0,14.4,394.23,2.97,3.0340000000000003,50.0
0.04011,80.0,1.52,0.0,0.404,34.1,7.309,2.0,329.0,12.6,396.9,4.08,4.216,33.3
0.04666,80.0,1.52,0.0,0.404,36.6,7.309,2.0,329.0,12.6,354.31,8.61,8.286,30.3
0.03768,80.0,1.52,0.0,0.404,38.3,7.309,2.0,329.0,12.6,392.2,6.62,6.4865,34.6
0.0315,95.0,1.47,0.0,0.403,15.3,7.6534,3.0,402.0,17.0,396.9,4.56,4.7195,34.9
0.01778,95.0,1.47,0.0,0.403,13.9,7.6534,3.0,402.0,17.0,384.3,4.45,4.6575,32.9
0.03445,82.5,2.03,0.0,0.415,38.4,6.27,2.0,348.0,14.7,393.77,7.43,7.083,24.1
0.02177,82.5,2.03,0.0,0.415,15.7,6.27,2.0,348.0,14.7,395.38,3.11,3.032,42.3
0.0351,95.0,2.68,0.0,0.4161,33.2,5.118,4.0,224.0,14.7,392.78,3.81,3.6695,48.5
0.02009,95.0,2.68,0.0,0.4161,31.9,5.118,4.0,224.0,14.7,390.55,2.88,2.8545,50.0
0.13642,0.0,10.59,0.0,0.489,22.3,3.9454,4.0,277.0,18.6,396.9,10.87,11.2,22.6
0.22969,0.0,10.59,0.0,0.489,52.5,4.3549,4.0,277.0,18.6,394.87,10.97,10.509500000000001,24.4
0.25199,0.0,10.59,0.0,0.489,72.7,4.3549,4.0,277.0,18.6,389.43,18.06,17.1785,22.5
0.13587,0.0,10.59,1.0,0.489,59.1,4.2392,4.0,277.0,18.6,381.32,14.66,15.3655,24.4
0.43571,0.0,10.59,1.0,0.489,100.0,3.875,4.0,277.0,18.6,396.9,23.09,24.111,20.0
0.17446,0.0,10.59,1.0,0.489,92.1,3.8771,4.0,277.0,18.6,393.25,17.27,17.5635,21.7
0.37578,0.0,10.59,1.0,0.489,88.6,3.665,4.0,277.0,18.6,395.24,23.98,24.405,19.3
0.21719,0.0,10.59,1.0,0.489,53.8,3.6526,4.0,277.0,18.6,390.94,16.03,16.587500000000002,22.4
0.14052,0.0,10.59,0.0,0.489,32.3,3.9454,4.0,277.0,18.6,385.81,9.38,9.472000000000001,28.1
0.28955,0.0,10.59,0.0,0.489,9.8,3.5875,4.0,277.0,18.6,348.93,29.55,30.2435,23.7
0.19802,0.0,10.59,0.0,0.489,42.4,3.9454,4.0,277.0,18.6,393.63,9.47,9.917,25.0
0.0456,0.0,13.89,1.0,0.55,56.0,3.1121,5.0,276.0,16.4,392.8,13.51,13.2555,23.3
0.07013,0.0,13.89,0.0,0.55,85.1,3.4211,5.0,276.0,16.4,392.78,9.69,9.491999999999999,28.7
0.11069,0.0,13.89,1.0,0.55,93.8,2.8893,5.0,276.0,16.4,396.9,17.92,18.509,21.5
0.11425,0.0,13.89,1.0,0.55,92.4,3.3633,5.0,276.0,16.4,393.74,10.5,11.0075,23.0
0.35809,0.0,6.2,1.0,0.507,88.5,2.8617,8.0,307.0,17.4,391.7,9.71,9.4135,26.7
0.40771,0.0,6.2,1.0,0.507,91.3,3.048,8.0,307.0,17.4,395.24,21.46,20.7985,21.7
0.62356,0.0,6.2,1.0,0.507,77.7,3.2721,8.0,307.0,17.4,390.39,9.93,9.8235,27.5
0.6147,0.0,6.2,0.0,0.507,80.8,3.2721,8.0,307.0,17.4,396.9,7.6,7.5275,30.1
0.31533,0.0,6.2,0.0,0.504,78.3,2.8944,8.0,307.0,17.4,385.05,4.14,3.9844999999999997,44.8
0.52693,0.0,6.2,0.0,0.504,83.0,2.8944,8.0,307.0,17.4,382.0,4.63,4.8445,50.0
0.38214,0.0,6.2,0.0,0.504,86.5,3.2157,8.0,307.0,17.4,387.38,3.13,3.258,37.6
0.41238,0.0,6.2,0.0,0.504,79.9,3.2157,8.0,307.0,17.4,372.08,6.36,6.2,31.6
0.29819,0.0,6.2,0.0,0.504,17.0,3.3751,8.0,307.0,17.4,377.51,3.92,4.038,46.7
0.44178,0.0,6.2,0.0,0.504,21.4,3.3751,8.0,307.0,17.4,380.34,3.76,3.6725,31.5
0.537,0.0,6.2,0.0,0.504,68.1,3.6715,8.0,307.0,17.4,378.35,11.65,12.006,24.3
0.46296,0.0,6.2,0.0,0.504,76.9,3.6715,8.0,307.0,17.4,376.14,5.25,5.165,31.7
0.57529,0.0,6.2,0.0,0.507,73.3,3.8384,8.0,307.0,17.4,385.91,2.47,2.5115000000000003,41.7
0.33147,0.0,6.2,0.0,0.507,70.4,3.6519,8.0,307.0,17.4,378.95,3.95,3.978,48.3
0.44791,0.0,6.2,1.0,0.507,66.5,3.6519,8.0,307.0,17.4,360.2,8.05,8.375,29.0
0.33045,0.0,6.2,0.0,0.507,61.5,3.6519,8.0,307.0,17.4,376.75,10.88,11.210500000000001,24.0
0.52058,0.0,6.2,1.0,0.507,76.5,4.148,8.0,307.0,17.4,388.45,9.54,9.800999999999998,25.1
0.51183,0.0,6.2,0.0,0.507,71.6,4.148,8.0,307.0,17.4,390.07,4.73,4.865,31.5
0.08244,30.0,4.93,0.0,0.428,18.5,6.1899,6.0,300.0,16.6,379.41,6.36,6.0925,23.7
0.09252,30.0,4.93,0.0,0.428,42.2,6.1899,6.0,300.0,16.6,383.78,7.37,7.18,23.3
0.11329,30.0,4.93,0.0,0.428,54.3,6.3361,6.0,300.0,16.6,391.25,11.38,11.525,22.0
0.10612,30.0,4.93,0.0,0.428,65.1,6.3361,6.0,300.0,16.6,394.62,12.4,12.7965,20.1
0.1029,30.0,4.93,0.0,0.428,52.9,7.0355,6.0,300.0,16.6,372.75,11.22,11.295,22.2
0.12757,30.0,4.93,0.0,0.428,7.8,7.0355,6.0,300.0,16.6,374.71,5.19,5.049,23.7
0.20608,22.0,5.86,0.0,0.431,76.5,7.9549,7.0,330.0,19.1,372.49,12.5,12.388,17.6
0.19133,22.0,5.86,0.0,0.431,70.2,7.9549,7.0,330.0,19.1,389.13,18.46,18.456500000000002,18.5
0.33983,22.0,5.86,0.0,0.431,34.9,8.0555,7.0,330.0,19.1,390.18,9.16,8.965,24.3
0.19657,22.0,5.86,0.0,0.431,79.2,8.0555,7.0,330.0,19.1,376.14,10.15,9.8825,20.5
0.16439,22.0,5.86,0.0,0.431,49.1,7.8265,7.0,330.0,19.1,374.71,9.52,9.666,24.5
0.19073,22.0,5.86,0.0,0.431,17.5,7.8265,7.0,330.0,19.1,393.74,6.56,6.457,26.2
0.1403,22.0,5.86,0.0,0.431,13.0,7.3967,7.0,330.0,19.1,396.28,5.9,5.9305,24.4
0.21409,22.0,5.86,0.0,0.431,8.9,7.3967,7.0,330.0,19.1,377.07,3.59,3.6805,24.8
0.08221,22.0,5.86,0.0,0.431,6.8,8.9067,7.0,330.0,19.1,386.09,3.53,3.4835,29.6
0.36894,22.0,5.86,0.0,0.431,8.4,8.9067,7.0,330.0,19.1,396.9,3.54,3.558,42.8
0.04819,80.0,3.64,0.0,0.392,32.0,9.2203,1.0,315.0,16.4,392.89,6.57,6.486000000000001,21.9
0.03548,80.0,3.64,0.0,0.392,19.1,9.2203,1.0,315.0,16.4,395.18,9.25,9.381,20.9
0.01538,90.0,3.75,0.0,0.394,34.2,6.3361,3.0,244.0,15.9,386.34,3.11,3.0265,44.0
0.61154,20.0,3.97,0.0,0.647,86.9,1.801,5.0,264.0,13.0,389.7,5.12,5.2905,50.0
0.66351,20.0,3.97,0.0,0.647,100.0,1.8946,5.0,264.0,13.0,383.29,7.79,7.9705,36.0
0.65665,20.0,3.97,0.0,0.647,100.0,2.0107,5.0,264.0,13.0,391.93,6.9,7.11,30.1
0.54011,20.0,3.97,0.0,0.647,81.8,2.1121,5.0,264.0,13.0,392.8,9.59,9.9045,33.8
0.53412,20.0,3.97,0.0,0.647,89.4,2.1398,5.0,264.0,13.0,388.37,7.26,7.406,43.1
0.52014,20.0,3.97,0.0,0.647,91.5,2.2885,5.0,264.0,13.0,386.86,5.91,6.003,48.8
0.82526,20.0,3.97,0.0,0.647,94.5,2.0788,5.0,264.0,13.0,393.42,11.25,11.8105,31.0
0.55007,20.0,3.97,0.0,0.647,91.6,1.9301,5.0,264.0,13.0,387.89,8.1,7.8759999999999994,36.5
0.76162,20.0,3.97,0.0,0.647,62.8,1.9865,5.0,264.0,13.0,392.4,10.45,9.997,22.8
0.7857,20.0,3.97,0.0,0.647,84.6,2.1329,5.0,264.0,13.0,384.07,14.79,14.921,30.7
0.57834,20.0,3.97,0.0,0.575,67.0,2.4216,5.0,264.0,13.0,384.54,7.44,7.134,50.0
0.5405,20.0,3.97,0.0,0.575,52.6,2.872,5.0,264.0,13.0,390.3,3.16,3.1105,43.5
0.09065,20.0,6.96,1.0,0.464,61.5,3.9175,3.0,223.0,18.6,391.34,13.65,13.415000000000001,20.7
0.29916,20.0,6.96,0.0,0.464,42.1,4.429,3.0,223.0,18.6,388.65,13.0,12.5015,21.1
0.16211,20.0,6.96,0.0,0.464,16.3,4.429,3.0,223.0,18.6,396.9,6.59,6.4695,25.2
0.1146,20.0,6.96,0.0,0.464,58.7,3.9175,3.0,223.0,18.6,394.96,7.73,7.7285,24.4
0.22188,20.0,6.96,1.0,0.464,51.8,4.3665,3.0,223.0,18.6,390.77,6.58,6.7185,35.2
0.05644,40.0,6.41,1.0,0.447,32.9,4.0776,4.0,254.0,17.6,396.9,3.53,3.3844999999999996,32.4
0.09604,40.0,6.41,0.0,0.447,42.8,4.2673,4.0,254.0,17.6,396.9,2.98,2.9945,32.0
0.10469,40.0,6.41,1.0,0.447,49.0,4.7872,4.0,254.0,17.6,389.25,6.05,5.9239999999999995,33.2
0.06127,40.0,6.41,1.0,0.447,27.6,4.8628,4.0,254.0,17.6,393.45,4.16,4.1795,33.1
0.07978,40.0,6.41,0.0,0.447,32.1,4.1403,4.0,254.0,17.6,396.9,7.19,6.9885,29.1
0.21038,20.0,3.33,0.0,0.4429,32.2,4.1007,5.0,216.0,14.9,396.9,4.85,4.6194999999999995,35.1
0.03578,20.0,3.33,0.0,0.4429,64.5,4.6947,5.0,216.0,14.9,387.31,3.76,3.9135,45.4
0.03705,20.0,3.33,0.0,0.4429,37.2,5.2447,5.0,216.0,14.9,392.23,4.59,4.4895,35.4
0.06129,20.0,3.33,1.0,0.4429,49.7,5.2119,5.0,216.0,14.9,377.07,3.01,3.109,46.0
0.01501,90.0,1.21,1.0,0.401,24.8,5.885,1.0,198.0,13.6,395.52,3.16,3.012,50.0
0.00906,90.0,2.97,0.0,0.4,20.8,7.3073,1.0,285.0,15.3,394.72,7.85,8.2285,32.2
0.01096,55.0,2.25,0.0,0.389,31.9,7.3073,1.0,300.0,15.3,394.72,8.23,8.001000000000001,22.0
0.01965,80.0,1.76,0.0,0.385,31.5,9.0892,1.0,241.0,18.2,341.6,12.93,13.429,20.1
0.03871,52.5,5.32,0.0,0.405,31.3,7.3172,6.0,293.0,16.6,396.9,7.14,7.1825,23.2
0.0459,52.5,5.32,0.0,0.405,45.6,7.3172,6.0,293.0,16.6,396.9,7.6,7.5305,22.3
0.04297,52.5,5.32,0.0,0.405,22.9,7.3172,6.0,293.0,16.6,371.72,9.51,9.733,24.8
0.03502,80.0,4.95,0.0,0.411,27.9,5.1167,4.0,245.0,19.2,396.9,3.33,3.1735,28.5
0.07886,80.0,4.95,0.0,0.411,27.7,5.1167,4.0,245.0,19.2,396.9,3.56,3.564,37.3
0.03615,80.0,4.95,0.0,0.411,23.4,5.1167,4.0,245.0,19.2,396.9,4.7,4.596,27.9
0.08265,0.0,13.92,0.0,0.437,18.4,5.5027,4.0,289.0,16.0,396.9,8.58,8.825,23.9
0.08199,0.0,13.92,0.0,0.437,42.3,5.5027,4.0,289.0,16.0,396.9,10.4,10.291500000000001,21.7
0.12932,0.0,13.92,0.0,0.437,31.1,5.9604,4.0,289.0,16.0,396.9,6.27,6.111,28.6
0.05372,0.0,13.92,0.0,0.437,51.0,5.9604,4.0,289.0,16.0,392.85,7.39,7.2635,27.1
0.14103,0.0,13.92,0.0,0.437,58.0,6.32,4.0,289.0,16.0,396.9,15.84,15.408,20.3
0.06466,70.0,2.24,0.0,0.4,20.1,7.8278,5.0,358.0,14.8,368.24,4.97,5.076,22.5
0.05561,70.0,2.24,0.0,0.4,10.0,7.8278,5.0,358.0,14.8,371.58,4.74,4.838,29.0
0.04417,70.0,2.24,0.0,0.4,47.4,7.8278,5.0,358.0,14.8,390.86,6.07,6.260000000000001,24.8
0.03537,34.0,6.09,0.0,0.433,40.4,5.4917,7.0,329.0,16.1,395.75,9.5,9.514,22.0
0.09266,34.0,6.09,0.0,0.433,18.4,5.4917,7.0,329.0,16.1,383.61,8.67,9.0605,26.4
0.1,34.0,6.09,0.0,0.433,17.7,5.4917,7.0,329.0,16.1,390.43,4.86,4.9355,33.1
0.05515,33.0,2.18,0.0,0.472,41.1,4.022,7.0,222.0,18.4,393.68,6.93,6.8069999999999995,36.1
0.05479,33.0,2.18,0.0,0.472,58.1,3.37,7.0,222.0,18.4,393.36,8.93,8.4995,28.4
0.07503,33.0,2.18,0.0,0.472,71.9,3.0992,7.0,222.0,18.4,396.9,6.47,6.3895,33.4
0.04932,33.0,2.18,0.0,0.472,70.3,3.1827,7.0,222.0,18.4,396.9,7.53,7.4985,28.2
0.49298,0.0,9.9,0.0,0.544,82.5,3.3175,4.0,304.0,18.4,396.9,4.54,4.7435,22.8
0.3494,0.0,9.9,0.0,0.544,76.7,3.1025,4.0,304.0,18.4,396.24,9.97,9.5015,20.3
2.63548,0.0,9.9,0.0,0.544,37.8,2.5194,4.0,304.0,18.4,350.45,12.64,12.768,16.1
0.79041,0.0,9.9,0.0,0.544,52.8,2.6403,4.0,304.0,18.4,396.9,5.98,5.928000000000001,22.1
0.26169,0.0,9.9,0.0,0.544,90.4,2.834,4.0,304.0,18.4,396.3,11.72,11.273000000000001,19.4
0.26938,0.0,9.9,0.0,0.544,82.8,3.2628,4.0,304.0,18.4,393.39,7.9,7.907500000000001,21.6
0.3692,0.0,9.9,0.0,0.544,87.3,3.6023,4.0,304.0,18.4,395.69,9.28,9.420499999999999,23.8
0.25356,0.0,9.9,0.0,0.544,77.7,3.945,4.0,304.0,18.4,396.42,11.5,11.131,16.2
0.31827,0.0,9.9,0.0,0.544,83.2,3.9986,4.0,304.0,18.4,390.7,18.33,17.697999999999997,17.8
0.24522,0.0,9.9,0.0,0.544,71.7,4.0317,4.0,304.0,18.4,396.9,15.94,16.066,19.8
0.40202,0.0,9.9,0.0,0.544,67.2,3.5325,4.0,304.0,18.4,395.21,10.36,9.852,23.1
0.47547,0.0,9.9,0.0,0.544,58.8,4.0019,4.0,304.0,18.4,396.23,12.73,13.102500000000001,21.0
0.1676,0.0,7.38,0.0,0.493,52.3,4.5404,5.0,287.0,19.6,396.9,7.2,7.1865000000000006,23.8
0.18159,0.0,7.38,0.0,0.493,54.3,4.5404,5.0,287.0,19.6,396.9,6.87,6.7145,23.1
0.35114,0.0,7.38,0.0,0.493,49.9,4.7211,5.0,287.0,19.6,396.9,7.7,7.8625,20.4
0.28392,0.0,7.38,0.0,0.493,74.3,4.7211,5.0,287.0,19.6,391.13,11.74,11.775500000000001,18.5
0.34109,0.0,7.38,0.0,0.493,40.1,4.7211,5.0,287.0,19.6,396.9,6.12,6.4175,25.0
0.19186,0.0,7.38,0.0,0.493,14.7,5.4159,5.0,287.0,19.6,393.68,5.08,4.9675,24.6
0.30347,0.0,7.38,0.0,0.493,28.9,5.4159,5.0,287.0,19.6,396.9,6.15,6.2095,23.0
0.24103,0.0,7.38,0.0,0.493,43.7,5.4159,5.0,287.0,19.6,396.9,12.79,12.9325,22.2
0.06617,0.0,3.24,0.0,0.46,25.8,5.2146,4.0,430.0,16.9,382.44,9.97,10.358500000000001,19.3
0.06724,0.0,3.24,0.0,0.46,17.2,5.2146,4.0,430.0,16.9,375.21,7.34,7.362,22.6
0.04544,0.0,3.24,0.0,0.46,32.2,5.8736,4.0,430.0,16.9,368.57,9.09,9.0595,19.8
0.05023,35.0,6.06,0.0,0.4379,28.4,6.6407,1.0,304.0,16.9,394.02,12.43,12.7705,17.1
0.03466,35.0,6.06,0.0,0.4379,23.3,6.6407,1.0,304.0,16.9,362.25,7.83,8.0695,19.4
0.05083,0.0,5.19,0.0,0.515,38.1,6.4584,5.0,224.0,20.2,389.71,5.68,5.8934999999999995,22.2
0.03738,0.0,5.19,0.0,0.515,38.5,6.4584,5.0,224.0,20.2,389.4,6.75,6.7405,20.7
0.03961,0.0,5.19,0.0,0.515,34.5,5.9853,5.0,224.0,20.2,396.9,8.01,7.672499999999999,21.1
0.03427,0.0,5.19,0.0,0.515,46.3,5.2311,5.0,224.0,20.2,396.9,9.8,10.267000000000001,19.5
0.03041,0.0,5.19,0.0,0.515,59.6,5.615,5.0,224.0,20.2,394.81,10.56,10.038,18.5
0.03306,0.0,5.19,0.0,0.515,37.3,4.8122,5.0,224.0,20.2,396.14,8.51,8.804499999999999,20.6
0.05497,0.0,5.19,0.0,0.515,45.4,4.8122,5.0,224.0,20.2,396.9,9.74,9.4685,19.0
0.06151,0.0,5.19,0.0,0.515,58.5,4.8122,5.0,224.0,20.2,396.9,9.29,9.385499999999999,18.7
0.01301,35.0,1.52,0.0,0.442,49.3,7.0379,1.0,284.0,15.5,394.74,5.49,5.5635,32.7
0.02498,0.0,1.89,0.0,0.518,59.7,6.2669,1.0,422.0,15.9,389.96,8.65,8.2225,16.5
0.02543,55.0,3.78,0.0,0.484,56.4,5.7321,5.0,370.0,17.6,396.9,7.18,6.9285,23.9
0.03049,55.0,3.78,0.0,0.484,28.1,6.4654,5.0,370.0,17.6,387.97,4.61,4.832000000000001,31.2
0.03113,0.0,4.39,0.0,0.442,48.5,8.0136,3.0,352.0,18.8,385.64,10.53,10.430499999999999,17.5
0.06162,0.0,4.39,0.0,0.442,52.3,8.0136,3.0,352.0,18.8,364.61,12.67,12.782,17.2
0.0187,85.0,4.15,0.0,0.429,27.7,8.5353,4.0,351.0,17.9,392.43,6.36,6.1215,23.1
0.01501,80.0,2.01,0.0,0.435,29.7,8.344,4.0,280.0,17.0,390.94,5.99,6.2805,24.5
0.02899,40.0,1.25,0.0,0.429,34.5,8.7921,1.0,335.0,19.7,389.85,5.89,6.092499999999999,26.6
0.06211,40.0,1.25,0.0,0.429,44.4,8.7921,1.0,335.0,19.7,396.9,5.98,6.2495,22.9
0.0795,60.0,1.69,0.0,0.411,35.9,10.7103,4.0,411.0,18.3,370.78,5.49,5.7330000000000005,24.1
0.07244,60.0,1.69,0.0,0.411,18.5,10.7103,4.0,411.0,18.3,392.33,7.79,7.8950000000000005,18.6
0.01709,90.0,2.02,0.0,0.41,36.1,12.1265,5.0,187.0,17.0,384.46,4.5,4.324,30.1
0.04301,80.0,1.91,0.0,0.413,21.9,10.5857,4.0,334.0,22.0,382.8,8.05,7.892,18.2
0.10659,80.0,1.91,0.0,0.413,19.5,10.5857,4.0,334.0,22.0,376.04,5.57,5.8115000000000006,20.6
8.98296,0.0,18.1,1.0,0.77,97.4,2.1222,24.0,666.0,20.2,377.73,17.6,18.001,17.8
3.8497,0.0,18.1,1.0,0.77,91.0,2.5052,24.0,666.0,20.2,391.34,13.27,12.8055,21.7
5.20177,0.0,18.1,1.0,0.77,83.4,2.7227,24.0,666.0,20.2,395.43,11.48,11.9145,22.7
4.26131,0.0,18.1,0.0,0.77,81.3,2.5091,24.0,666.0,20.2,390.74,12.67,12.877,22.6
4.54192,0.0,18.1,0.0,0.77,88.0,2.5182,24.0,666.0,20.2,374.56,7.79,8.074,25.0
3.83684,0.0,18.1,0.0,0.77,91.1,2.2955,24.0,666.0,20.2,350.65,14.19,14.549,19.9
3.67822,0.0,18.1,0.0,0.77,96.2,2.1036,24.0,666.0,20.2,380.79,10.19,10.3365,20.8
4.22239,0.0,18.1,1.0,0.77,89.0,1.9047,24.0,666.0,20.2,353.04,14.64,14.749,16.8
3.47428,0.0,18.1,1.0,0.718,82.9,1.9047,24.0,666.0,20.2,354.55,5.29,5.3,21.9
4.55587,0.0,18.1,0.0,0.718,87.9,1.6132,24.0,666.0,20.2,354.7,7.12,7.029,27.5
3.69695,0.0,18.1,0.0,0.718,91.4,1.7523,24.0,666.0,20.2,316.03,14.0,13.946,21.9
13.5222,0.0,18.1,0.0,0.631,100.0,1.5106,24.0,666.0,20.2,131.42,13.33,13.052,23.1
4.89822,0.0,18.1,0.0,0.631,100.0,1.3325,24.0,666.0,20.2,375.52,3.26,3.3049999999999997,50.0
5.66998,0.0,18.1,1.0,0.631,96.8,1.3567,24.0,666.0,20.2,375.33,3.73,3.8435,50.0
6.53876,0.0,18.1,1.0,0.631,97.5,1.2024,24.0,666.0,20.2,392.05,2.96,2.9575,50.0
9.2323,0.0,18.1,0.0,0.631,100.0,1.1691,24.0,666.0,20.2,366.15,9.53,9.7115,50.0
8.26725,0.0,18.1,1.0,0.668,89.6,1.1296,24.0,666.0,20.2,347.88,8.88,8.867500000000001,50.0
11.1081,0.0,18.1,0.0,0.668,100.0,1.1742,24.0,666.0,20.2,396.9,34.77,34.825,13.8
18.4982,0.0,18.1,0.0,0.668,100.0,1.137,24.0,666.0,20.2,396.9,37.97,36.4975,13.8
19.6091,0.0,18.1,0.0,0.671,97.9,1.3163,24.0,666.0,20.2,396.9,13.44,12.8705,15.0
15.288,0.0,18.1,0.0,0.671,93.3,1.3449,24.0,666.0,20.2,363.02,23.24,24.075499999999998,13.9
9.82349,0.0,18.1,0.0,0.671,98.8,1.358,24.0,666.0,20.2,396.9,21.24,21.900499999999997,13.3
23.6482,0.0,18.1,0.0,0.671,96.2,1.3861,24.0,666.0,20.2,396.9,23.69,24.149,13.1
17.8667,0.0,18.1,0.0,0.671,100.0,1.3861,24.0,666.0,20.2,393.74,21.78,22.5395,10.2
88.9762,0.0,18.1,0.0,0.671,91.9,1.4165,24.0,666.0,20.2,396.9,17.21,16.503,10.4
15.8744,0.0,18.1,0.0,0.671,99.1,1.5192,24.0,666.0,20.2,396.9,21.08,21.936999999999998,10.9
9.18702,0.0,18.1,0.0,0.7,100.0,1.5804,24.0,666.0,20.2,396.9,23.6,22.4665,11.3
7.99248,0.0,18.1,0.0,0.7,100.0,1.5331,24.0,666.0,20.2,396.9,24.56,25.275499999999997,12.3
20.0849,0.0,18.1,0.0,0.7,91.2,1.4395,24.0,666.0,20.2,285.83,30.63,30.3985,8.8
16.8118,0.0,18.1,0.0,0.7,98.1,1.4261,24.0,666.0,20.2,396.9,30.81,29.3825,7.2
24.3938,0.0,18.1,0.0,0.7,100.0,1.4672,24.0,666.0,20.2,396.9,28.28,28.488,10.5
22.5971,0.0,18.1,0.0,0.7,89.5,1.5184,24.0,666.0,20.2,396.9,31.99,30.401999999999997,7.4
14.3337,0.0,18.1,0.0,0.7,100.0,1.5895,24.0,666.0,20.2,372.92,30.62,29.985500000000002,10.2
8.15174,0.0,18.1,0.0,0.7,98.9,1.7281,24.0,666.0,20.2,396.9,20.85,21.4235,11.5
6.96215,0.0,18.1,0.0,0.7,97.0,1.9265,24.0,666.0,20.2,394.43,17.11,17.4695,15.1
5.29305,0.0,18.1,0.0,0.7,82.5,2.1678,24.0,666.0,20.2,378.38,18.76,18.0695,23.2
11.5779,0.0,18.1,0.0,0.7,97.0,1.77,24.0,666.0,20.2,396.9,25.68,26.217,9.7
8.64476,0.0,18.1,0.0,0.693,92.6,1.7912,24.0,666.0,20.2,396.9,15.17,15.2605,13.8
13.3598,0.0,18.1,0.0,0.693,94.7,1.7821,24.0,666.0,20.2,396.9,16.35,16.298000000000002,12.7
8.71675,0.0,18.1,0.0,0.693,98.8,1.7257,24.0,666.0,20.2,391.98,17.12,17.7225,13.1
5.87205,0.0,18.1,0.0,0.693,96.0,1.6768,24.0,666.0,20.2,396.9,19.37,19.824,12.5
7.67202,0.0,18.1,0.0,0.693,98.9,1.6334,24.0,666.0,20.2,393.1,19.92,20.904000000000003,8.5
38.3518,0.0,18.1,0.0,0.693,100.0,1.4896,24.0,666.0,20.2,396.9,30.59,29.338,5.0
9.91655,0.0,18.1,0.0,0.693,77.8,1.5004,24.0,666.0,20.2,338.16,29.97,28.884999999999998,6.3
25.0461,0.0,18.1,0.0,0.693,100.0,1.5888,24.0,666.0,20.2,396.9,26.77,27.108,5.6
14.2362,0.0,18.1,0.0,0.693,100.0,1.5741,24.0,666.0,20.2,396.9,20.32,19.644000000000002,7.2
9.59571,0.0,18.1,0.0,0.693,100.0,1.639,24.0,666.0,20.2,376.11,20.31,21.1995,12.1
24.8017,0.0,18.1,0.0,0.693,96.0,1.7028,24.0,666.0,20.2,396.9,19.77,18.977,8.3
41.5292,0.0,18.1,0.0,0.693,85.4,1.6074,24.0,666.0,20.2,329.46,27.38,27.137999999999998,8.5
67.9208,0.0,18.1,0.0,0.693,100.0,1.4254,24.0,666.0,20.2,384.97,22.98,21.988,5.0
20.7162,0.0,18.1,0.0,0.659,100.0,1.1781,24.0,666.0,20.2,370.22,23.34,22.822,11.9
11.9511,0.0,18.1,0.0,0.659,100.0,1.2852,24.0,666.0,20.2,332.09,12.13,11.908000000000001,27.9
7.40389,0.0,18.1,0.0,0.597,97.9,1.4547,24.0,666.0,20.2,314.64,26.4,25.980999999999998,17.2
14.4383,0.0,18.1,0.0,0.597,100.0,1.4655,24.0,666.0,20.2,179.36,19.78,19.107,27.5
51.1358,0.0,18.1,0.0,0.597,100.0,1.413,24.0,666.0,20.2,2.6,10.11,9.6555,15.0
14.0507,0.0,18.1,0.0,0.597,100.0,1.5275,24.0,666.0,20.2,35.05,21.22,20.444,17.2
18.811,0.0,18.1,0.0,0.597,100.0,1.5539,24.0,666.0,20.2,28.79,34.37,33.954499999999996,17.9
28.6558,0.0,18.1,0.0,0.597,100.0,1.5894,24.0,666.0,20.2,210.97,20.08,20.014499999999998,16.3
45.7461,0.0,18.1,0.0,0.693,100.0,1.6582,24.0,666.0,20.2,88.27,36.98,37.355999999999995,7.0
18.0846,0.0,18.1,0.0,0.679,100.0,1.8347,24.0,666.0,20.2,27.25,29.05,28.2235,7.2
10.8342,0.0,18.1,0.0,0.679,90.8,1.8195,24.0,666.0,20.2,21.57,25.79,25.512999999999998,7.5
25.9406,0.0,18.1,0.0,0.679,89.1,1.6475,24.0,666.0,20.2,127.36,26.64,27.872500000000002,10.4
73.5341,0.0,18.1,0.0,0.679,100.0,1.8026,24.0,666.0,20.2,16.45,20.62,20.672,8.8
11.8123,0.0,18.1,0.0,0.718,76.5,1.794,24.0,666.0,20.2,48.45,22.74,23.043,8.4
11.0874,0.0,18.1,0.0,0.718,100.0,1.8589,24.0,666.0,20.2,318.75,15.02,15.562999999999999,16.7
7.02259,0.0,18.1,0.0,0.718,95.3,1.8746,24.0,666.0,20.2,319.98,15.7,15.056,14.2
12.0482,0.0,18.1,0.0,0.614,87.6,1.9512,24.0,666.0,20.2,291.55,14.1,13.9945,20.8
7.05042,0.0,18.1,0.0,0.614,85.1,2.0218,24.0,666.0,20.2,2.52,23.29,23.355,13.4
8.79212,0.0,18.1,0.0,0.584,70.6,2.0635,24.0,666.0,20.2,3.65,17.16,16.62,11.7
15.8603,0.0,18.1,0.0,0.679,95.4,1.9096,24.0,666.0,20.2,7.68,24.39,24.422,8.3
12.2472,0.0,18.1,0.0,0.584,59.7,1.9976,24.0,666.0,20.2,24.65,15.69,16.214,10.2
37.6619,0.0,18.1,0.0,0.679,78.7,1.8629,24.0,666.0,20.2,18.82,14.52,14.137,10.9
7.36711,0.0,18.1,0.0,0.679,78.1,1.9356,24.0,666.0,20.2,96.73,21.52,21.089,11.0
9.33889,0.0,18.1,0.0,0.679,95.6,1.9682,24.0,666.0,20.2,60.72,24.08,23.4485,9.5
8.49213,0.0,18.1,0.0,0.584,86.1,2.0527,24.0,666.0,20.2,83.45,17.64,18.045,14.5
10.0623,0.0,18.1,0.0,0.584,94.3,2.0882,24.0,666.0,20.2,81.33,19.69,20.392500000000002,14.1
6.44405,0.0,18.1,0.0,0.584,74.8,2.2004,24.0,666.0,20.2,97.95,12.03,12.5925,16.1
5.58107,0.0,18.1,0.0,0.713,87.9,2.3158,24.0,666.0,20.2,100.19,16.22,15.921,14.3
13.9134,0.0,18.1,0.0,0.713,95.0,2.2222,24.0,666.0,20.2,100.63,15.17,14.5655,11.7
11.1604,0.0,18.1,0.0,0.74,94.6,2.1247,24.0,666.0,20.2,109.85,23.27,22.793499999999998,13.4
14.4208,0.0,18.1,0.0,0.74,93.3,2.0026,24.0,666.0,20.2,27.49,18.05,18.0595,9.6
15.1772,0.0,18.1,0.0,0.74,100.0,1.9142,24.0,666.0,20.2,9.32,26.45,27.247,8.7
13.6781,0.0,18.1,0.0,0.74,87.9,1.8206,24.0,666.0,20.2,68.95,34.02,34.013000000000005,8.4
9.39063,0.0,18.1,0.0,0.74,93.9,1.8172,24.0,666.0,20.2,396.9,22.88,22.3765,12.8
22.0511,0.0,18.1,0.0,0.74,92.4,1.8662,24.0,666.0,20.2,391.45,22.11,21.3605,10.5
9.72418,0.0,18.1,0.0,0.74,97.2,2.0651,24.0,666.0,20.2,385.96,19.52,19.8725,17.1
5.66637,0.0,18.1,0.0,0.74,100.0,2.0048,24.0,666.0,20.2,395.69,16.59,17.0965,18.4
9.96654,0.0,18.1,0.0,0.74,100.0,1.9784,24.0,666.0,20.2,386.73,18.85,19.4505,15.4
12.8023,0.0,18.1,0.0,0.74,96.6,1.8956,24.0,666.0,20.2,240.52,23.79,23.915,10.8
10.6718,0.0,18.1,0.0,0.74,94.8,1.9879,24.0,666.0,20.2,43.06,23.98,22.908,11.8
6.28807,0.0,18.1,0.0,0.74,96.4,2.072,24.0,666.0,20.2,318.01,17.79,18.532,14.9
9.92485,0.0,18.1,0.0,0.74,96.6,2.198,24.0,666.0,20.2,388.52,16.44,15.8885,12.6
9.32909,0.0,18.1,0.0,0.713,98.7,2.2616,24.0,666.0,20.2,396.9,18.13,18.16,14.1
7.52601,0.0,18.1,0.0,0.713,98.3,2.185,24.0,666.0,20.2,304.21,19.31,19.506,13.0
6.71772,0.0,18.1,0.0,0.713,92.6,2.3236,24.0,666.0,20.2,0.32,17.44,16.7205,13.4
5.44114,0.0,18.1,0.0,0.713,98.2,2.3552,24.0,666.0,20.2,355.29,17.73,18.552,15.2
5.09017,0.0,18.1,0.0,0.713,91.8,2.3682,24.0,666.0,20.2,385.09,17.27,18.0135,16.1
8.24809,0.0,18.1,0.0,0.713,99.3,2.4527,24.0,666.0,20.2,375.87,16.74,16.6115,17.8
9.51363,0.0,18.1,0.0,0.713,94.1,2.4961,24.0,666.0,20.2,6.68,18.71,19.465,14.9
4.75237,0.0,18.1,0.0,0.713,86.5,2.4358,24.0,666.0,20.2,50.92,18.13,18.505,14.1
4.66883,0.0,18.1,0.0,0.713,87.9,2.5806,24.0,666.0,20.2,10.48,19.01,18.597,12.7
8.20058,0.0,18.1,0.0,0.713,80.3,2.7792,24.0,666.0,20.2,3.5,16.94,17.718,13.5
7.75223,0.0,18.1,0.0,0.713,83.7,2.7831,24.0,666.0,20.2,272.21,16.23,16.6815,14.9
6.80117,0.0,18.1,0.0,0.713,84.4,2.7175,24.0,666.0,20.2,396.9,14.7,14.606,20.0
4.81213,0.0,18.1,0.0,0.713,90.0,2.5975,24.0,666.0,20.2,255.23,16.42,16.115000000000002,16.4
3.69311,0.0,18.1,0.0,0.713,88.4,2.5671,24.0,666.0,20.2,391.43,14.65,14.9075,17.7
6.65492,0.0,18.1,0.0,0.713,83.0,2.7344,24.0,666.0,20.2,396.9,13.99,13.4765,19.5
5.82115,0.0,18.1,0.0,0.713,89.9,2.8016,24.0,666.0,20.2,393.82,10.29,10.497,20.2
7.83932,0.0,18.1,0.0,0.655,65.4,2.9634,24.0,666.0,20.2,396.9,13.22,13.361,21.4
3.1636,0.0,18.1,0.0,0.655,48.2,3.0665,24.0,666.0,20.2,334.4,14.13,13.701500000000001,19.9
3.77498,0.0,18.1,0.0,0.655,84.7,2.8715,24.0,666.0,20.2,22.01,17.15,17.8585,19.0
4.42228,0.0,18.1,0.0,0.584,94.5,2.5403,24.0,666.0,20.2,331.29,21.32,21.163,19.1
15.5757,0.0,18.1,0.0,0.58,71.0,2.9084,24.0,666.0,20.2,368.74,18.13,17.621,19.1
13.0751,0.0,18.1,0.0,0.58,56.7,2.8237,24.0,666.0,20.2,396.9,14.76,14.752,20.1
4.34879,0.0,18.1,0.0,0.58,84.0,3.0334,24.0,666.0,20.2,396.9,16.29,16.755499999999998,19.9
4.03841,0.0,18.1,0.0,0.532,90.7,3.0993,24.0,666.0,20.2,395.33,12.87,13.273499999999999,19.6
3.56868,0.0,18.1,0.0,0.58,75.0,2.8965,24.0,666.0,20.2,393.37,14.36,14.251999999999999,23.2
4.64689,0.0,18.1,0.0,0.614,67.6,2.5329,24.0,666.0,20.2,374.68,11.66,11.771,29.8
8.05579,0.0,18.1,0.0,0.584,95.4,2.4298,24.0,666.0,20.2,352.58,18.14,17.294,13.8
6.39312,0.0,18.1,0.0,0.584,97.4,2.206,24.0,666.0,20.2,302.76,24.1,23.996000000000002,13.3
4.87141,0.0,18.1,0.0,0.614,93.6,2.3053,24.0,666.0,20.2,396.21,18.68,18.947499999999998,16.7
15.0234,0.0,18.1,0.0,0.614,97.3,2.1007,24.0,666.0,20.2,349.48,24.91,24.882,12.0
10.233,0.0,18.1,0.0,0.614,96.7,2.1705,24.0,666.0,20.2,379.7,18.03,18.1555,14.6
14.3337,0.0,18.1,0.0,0.614,88.0,1.9512,24.0,666.0,20.2,383.32,13.11,13.2255,21.4
5.82401,0.0,18.1,0.0,0.532,64.7,3.4242,24.0,666.0,20.2,396.9,10.74,11.169,23.0
5.70818,0.0,18.1,0.0,0.532,74.9,3.3317,24.0,666.0,20.2,393.07,7.74,7.7410000000000005,23.7
5.73116,0.0,18.1,0.0,0.532,77.0,3.4106,24.0,666.0,20.2,395.28,7.01,6.6884999999999994,25.0
2.81838,0.0,18.1,0.0,0.532,40.3,4.0983,24.0,666.0,20.2,392.92,10.42,10.0,21.8
2.37857,0.0,18.1,0.0,0.583,41.9,3.724,24.0,666.0,20.2,370.73,13.34,13.695,20.6
3.67367,0.0,18.1,0.0,0.583,51.9,3.9917,24.0,666.0,20.2,388.62,10.58,10.218,21.2
5.69175,0.0,18.1,0.0,0.583,79.8,3.5459,24.0,666.0,20.2,392.68,14.98,14.4955,19.1
4.83567,0.0,18.1,0.0,0.583,53.2,3.1523,24.0,666.0,20.2,388.22,11.45,11.785499999999999,20.6
0.15086,0.0,27.74,0.0,0.609,92.7,1.8209,4.0,711.0,20.1,395.09,18.06,17.532,15.2
0.18337,0.0,27.74,0.0,0.609,98.3,1.7554,4.0,711.0,20.1,344.05,23.97,24.965999999999998,7.0
0.20746,0.0,27.74,0.0,0.609,98.0,1.8226,4.0,711.0,20.1,318.43,29.68,29.082,8.1
0.10574,0.0,27.74,0.0,0.609,98.8,1.8681,4.0,711.0,20.1,390.11,18.07,18.042,13.6
0.11132,0.0,27.74,0.0,0.609,83.5,2.1099,4.0,711.0,20.1,396.9,13.35,13.6145,20.1
0.17331,0.0,9.69,0.0,0.585,54.0,2.3817,6.0,391.0,19.2,396.9,12.01,12.237499999999999,21.8
0.27957,0.0,9.69,0.0,0.585,42.6,2.3817,6.0,391.0,19.2,396.9,13.59,14.177999999999999,24.5
0.17899,0.0,9.69,0.0,0.585,28.8,2.7986,6.0,391.0,19.2,393.29,17.6,17.358500000000003,23.1
0.2896,0.0,9.69,0.0,0.585,72.9,2.7986,6.0,391.0,19.2,396.9,21.14,20.6735,19.7
0.26838,0.0,9.69,0.0,0.585,70.6,2.8927,6.0,391.0,19.2,396.9,14.1,14.1485,18.3
0.23912,0.0,9.69,0.0,0.585,65.3,2.4091,6.0,391.0,19.2,396.9,12.92,12.7765,21.2
0.17783,0.0,9.69,0.0,0.585,73.5,2.3999,6.0,391.0,19.2,395.77,15.1,15.594999999999999,17.5
0.22438,0.0,9.69,0.0,0.585,79.7,2.4982,6.0,391.0,19.2,396.9,14.33,14.043,16.8
0.06263,0.0,11.93,0.0,0.573,69.1,2.4786,1.0,273.0,21.0,391.99,9.67,9.211,22.4
0.04527,0.0,11.93,0.0,0.573,76.7,2.2875,1.0,273.0,21.0,396.9,9.08,8.661,20.6
0.06076,0.0,11.93,0.0,0.573,91.0,2.1675,1.0,273.0,21.0,396.9,5.64,5.5504999999999995,23.9
0.10959,0.0,11.93,0.0,0.573,89.3,2.3889,1.0,273.0,21.0,393.45,6.48,6.365500000000001,22.0
0.04741,0.0,11.93,0.0,0.573,80.8,2.505,1.0,273.0,21.0,396.9,7.88,7.7805,11.9
