ID,pose
1,0
3,0
4,1
6,0
7,0
8,1
9,1
10,0
11,0
12,0
14,0
15,1
16,0
17,0
18,1
19,1
21,0
22,0
23,0
24,0
25,0
26,0
27,0
29,1
30,1
31,0
34,1
35,0
36,0
37,1
38,0
39,0
40,1
41,1
42,0
43,1
45,1
46,0
48,0
49,1
50,1
51,0
52,0
54,1
55,0
56,1
57,0
58,0
59,0
60,0
61,1
62,1
64,0
65,0
66,0
67,1
68,0
69,1
70,0
71,0
72,0
73,0
74,1
75,0
76,0
77,0
78,1
79,0
80,1
83,1
84,0
85,0
87,0
88,1
89,0
90,1
96,1
97,0
98,0
99,1
100,1
101,1
103,1
104,0
105,0
106,0
107,1
109,1
110,1
111,1
112,1
115,0
117,1
118,1
119,0
120,1
121,0
122,1
123,1
124,0
125,0
126,1
127,1
128,1
129,1
130,1
131,1
132,0
133,0
134,0
135,1
136,1
137,1
138,1
140,1
141,1
142,0
143,1
144,0
145,0
146,1
147,1
148,1
150,0
151,0
152,0
154,1
155,1
156,1
157,0
158,1
159,0
160,1
161,0
162,0
163,1
165,1
166,0
167,1
168,0
170,1
171,0
172,1
173,1
174,0
177,0
178,1
179,1
181,0
182,1
183,0
184,0
185,1
186,1
188,1
189,0
190,0
191,0
192,0
193,1
195,1
196,1
198,0
199,1
200,1
201,1
202,0
203,1
204,1
205,1
206,1
207,0
208,1
210,0
212,0
213,0
215,0
217,0
218,0
219,1
220,1
222,1
223,1
224,0
225,1
227,0
229,0
230,1
231,0
232,0
233,1
234,1
235,0
237,1
239,0
240,1
241,1
242,0
243,1
244,1
245,1
246,0
247,1
248,0
249,1
250,0
251,1
253,0
254,0
255,0
257,0
258,0
260,0
262,0
263,1
264,1
266,0
267,0
268,1
270,0
271,1
272,1
273,1
275,0
276,1
277,1
280,1
281,1
282,0
283,1
284,1
285,0
288,0
290,0
293,1
294,1
295,1
296,0
297,1
298,0
299,1
301,0
302,1
306,0
307,1
310,0
311,1
312,0
313,1
314,0
315,0
316,1
319,1
320,0
322,1
323,0
324,1
325,1
326,0
327,1
328,0
329,1
330,0
332,0
333,0
334,0
335,1
336,0
341,1
342,1
343,1
344,1
345,1
346,1
348,1
349,0
350,0
351,1
352,0
354,0
356,1
357,1
358,1
359,0
360,0
362,1
363,1
364,0
366,1
367,1
368,1
369,1
370,0
372,0
373,1
374,0
375,0
376,0
377,0
378,1
379,0
380,1
381,1
384,0
385,0
386,0
387,0
388,0
389,1
392,0
393,1
395,0
396,0
397,0
398,1
399,1
401,1
402,1
403,1
404,1
405,1
407,1
408,1
409,0
410,1
411,1
413,0
414,0
415,0
416,1
417,1
418,0
419,0
420,1
421,0
422,1
423,1
424,0
425,0
427,0
428,1
429,1
430,0
432,1
433,0
434,0
437,1
438,0
439,0
440,1
441,1
442,0
443,0
445,0
446,0
447,1
449,0
451,0
452,0
453,1
455,1
456,0
457,0
459,0
460,0
461,1
463,0
464,1
465,1
466,1
467,0
469,0
470,1
471,0
473,1
474,0
475,1
477,1
478,0
479,0
480,0
481,1
482,0
483,1
484,1
485,1
486,1
487,1
488,0
489,0
490,0
491,1
492,1
494,1
495,0
496,0
497,1
498,1
499,1
500,0
501,0
503,1
504,0
505,0
506,0
509,1
512,1
513,1
515,1
516,0
517,1
518,1
519,1
520,0
522,0
523,0
524,0
525,0
526,0
527,1
528,0
529,0
530,0
531,1
532,1
533,1
534,1
535,0
536,1
537,0
538,1
539,1
540,0
541,1
542,1
544,0
548,0
549,1
550,0
551,1
552,0
553,1
554,0
555,0
556,1
558,0
559,0
560,1
561,0
562,0
563,1
564,1
565,1
566,0
567,0
568,0
569,1
570,0
571,1
572,0
573,0
574,0
575,0
576,0
577,0
578,1
579,0
580,0
582,1
583,0
584,0
586,0
587,0
589,1
590,0
591,1
592,0
594,0
595,1
600,0
602,0
603,1
604,1
605,0
607,0
608,1
609,1
610,0
611,0
612,0
613,1
614,1
615,1
616,1
617,0
618,1
619,1
620,1
621,0
622,0
624,1
625,1
626,0
627,0
628,1
629,0
630,1
631,0
632,1
633,0
635,0
637,0
638,1
639,1
640,0
641,1
642,1
643,0
644,0
645,1
647,1
648,1
650,0
652,0
654,1
655,1
656,0
657,0
658,0
659,0
660,0
661,1
662,0
663,1
664,0
665,0
666,0
667,1
669,1
670,0
671,0
672,1
673,1
674,1
675,1
678,1
679,0
681,0
682,1
683,0
685,1
686,0
687,1
688,1
689,0
691,0
693,1
695,1
696,0
697,1
698,1
699,0
700,1
701,0
702,0
704,0
705,0
706,1
707,1
708,1
709,0
711,0
712,0
713,0
715,0
716,0
720,0
722,1
723,1
724,0
725,0
726,1
727,0
728,0
729,1
730,0
731,1
732,0
733,0
734,0
736,0
740,1
741,0
742,1
743,1
744,1
745,1
746,1
749,1
750,0
751,0
752,1
754,0
756,1
759,1
760,1
761,1
764,1
765,0
766,0
767,0
768,0
769,0
771,1
772,0
773,0
774,0
775,0
776,1
777,1
778,0
779,0
780,0
782,0
783,1
784,0
786,1
788,1
792,0
793,0
795,0
796,1
797,0
798,1
799,0
800,1
801,0
802,0
806,1
810,0
811,0
812,1
813,1
814,0
815,0
816,1
817,0
818,1
819,1
822,1
823,0
825,0
826,1
827,0
829,1
830,0
831,1
832,0
834,0
835,1
836,0
837,1
839,1
840,0
841,1
842,0
843,1
844,0
845,0
846,0
848,0
850,1
851,0
852,1
853,0
854,0
856,1
857,0
858,0
859,1
860,1
861,1
862,1
863,0
865,0
866,0
867,0
868,1
871,1
873,1
875,0
876,0
877,1
878,1
879,1
880,0
882,0
883,1
884,1
885,1
886,0
887,1
888,0
889,1
891,0
892,0
894,1
895,1
896,0
897,0
898,1
899,0
900,0
903,0
904,0
905,0
906,0
908,1
909,1
910,0
911,0
912,1
913,0
914,1
915,1
916,0
917,1
918,1
919,1
921,0
922,0
923,1
925,0
926,1
927,1
928,0
929,0
930,0
931,0
932,0
933,1
934,0
935,1
938,0
939,1
940,0
941,0
942,1
943,1
944,0
945,1
946,1
947,0
949,1
950,0
951,0
952,0
953,1
954,0
955,1
956,1
958,1
960,1
961,1
962,0
963,0
964,1
965,1
966,1
967,1
968,0
969,0
970,0
971,1
973,1
974,1
975,0
976,0
977,1
978,0
979,1
982,0
985,1
986,1
987,0
988,0
990,1
991,0
992,0
993,1
994,1
995,1
998,1
999,1
1000,0
1001,1
1002,1
1003,1
1005,1
1006,1
1007,0
1010,1
1014,1
1015,0
1016,0
1017,0
1019,1
1020,0
1021,1
1022,0
1023,0
1024,0
1025,1
1026,0
1027,1
1028,0
1029,0
1031,1
1032,0
1033,0
1035,0
1036,1
1037,1
1038,0
1039,0
1040,1
1041,0
1042,0
1043,0
1044,1
1046,1
1047,0
1048,0
1050,1
1052,0
1054,0
1055,1
1056,1
1059,0
1060,0
1061,1
1062,0
1063,1
1064,0
1065,1
1066,1
1068,1
1069,1
1070,1
1071,0
1072,0
1073,1
1074,1
1075,1
1076,0
1077,0
1079,1
1080,0
1081,1
1083,1
1084,1
1086,1
1087,0
1088,1
1089,0
1090,0
1091,0
1092,1
1093,1
1094,1
1095,0
1096,1
1097,1
1098,0
1099,0
1100,1
1101,1
1102,1
1103,0
1105,1
1106,1
1108,0
1109,0
1110,0
1111,0
1113,1
1114,0
1116,1
1117,0
1119,0
1120,0
1121,0
1122,0
1123,1
1124,1
1125,0
1126,1
1128,0
1129,0
1130,0
1132,1
1133,1
1134,0
1135,0
1136,0
1138,1
1139,1
1140,1
1141,0
1142,0
1143,1
1144,0
1145,0
1146,0
1147,1
1148,0
1149,0
1151,0
1152,1
1153,1
1155,0
1156,1
1157,1
1158,1
1161,1
1162,1
1165,1
1169,0
1170,0
1171,0
1172,0
1173,0
1174,0
1175,0
1176,1
1177,1
1178,1
1179,1
1180,1
1182,1
1183,1
1184,1
1186,1
1187,0
1190,0
1191,0
1192,0
1193,0
1195,0
1196,0
1197,1
1198,1
1200,1
1201,1
1203,1
1204,0
1205,0
1206,1
1207,0
1208,0
1209,0
1210,0
1211,0
1212,0
1213,1
1214,0
1215,1
1217,1
1218,1
1219,1
1221,0
1222,1
1223,0
1224,1
1225,1
1226,0
1227,0
1229,0
1230,1
1231,1
1232,1
1233,1
1235,1
1236,1
1237,0
1238,0
1239,1
1240,1
1241,0
1243,1
1245,1
1247,0
1248,0
1249,0
1252,1
1253,1
1254,0
1255,0
1256,0
1257,1
1258,0
1259,1
1260,1
1262,0
1263,0
1264,1
1265,0
1266,0
1267,1
1268,1
1269,1
1270,0
1271,0
1273,1
1274,1
1275,1
1277,1
1278,0
1279,1
1281,0
1283,1
1284,1
1288,0
1289,1
1291,1
1292,1
1293,0
1294,0
1295,0
1299,1
1300,0
1302,1
1303,0
1304,0
1305,0
1306,0
1307,1
1308,1
1309,0
1310,0
1311,1
1312,0
1314,0
1315,0
1316,0
1317,1
1318,0
1319,0
1320,1
1321,0
1322,0
1323,1
1324,0
1326,0
1327,0
1329,0
1330,0
1331,1
1332,0
1333,0
1334,1
1335,0
1336,1
1337,0
1338,0
1339,0
1340,0
1341,1
1342,0
1343,0
1345,0
1346,1
1350,0
1351,0
1352,0
1354,0
1356,0
1357,0
1358,0
1359,1
1361,1
1362,0
1363,1
1364,1
1365,1
1367,0
1368,0
1369,0
1370,0
1372,1
1373,0
1374,1
1376,0
1377,0
1379,1
1380,1
1381,0
1382,1
1383,1
1385,1
1386,0
1387,1
1388,1
1389,1
1390,0
1391,0
1392,1
1394,1
1395,0
1396,1
1399,1
1400,0
1401,1
1402,1
1403,1
1404,0
1405,0
1406,0
1407,1
1408,1
1409,0
1411,0
1412,1
1413,1
1414,0
1415,0
1416,1
1417,1
1418,1
1419,1
1420,1
1421,0
1422,1
1423,1
1424,1
1426,1
1427,1
1428,1
1429,1
1430,0
1431,1
1432,1
1433,0
1434,0
1435,1
1436,0
1437,1
1438,0
1439,1
1440,1
1442,1
1443,1
1444,0
1445,1
1446,1
1449,0
1450,1
1451,0
1452,0
1453,1
1454,0
1455,1
1456,0
1457,1
1458,0
1460,1
1461,1
1462,1
1464,1
1465,1
1467,0
1468,0
1469,0
1470,1
1471,1
1473,1
1474,1
1475,1
1476,1
1477,0
1478,1
1479,0
1480,0
1482,1
1483,0
1484,1
1485,1
1486,1
1487,0
1488,1
1489,0
1491,1
1492,0
1493,0
1494,0
1497,0
1498,0
1499,1
1500,0
1501,0
1502,0
1504,0
1505,0
1508,1
1509,0
1510,1
1511,1
1512,0
1514,0
1515,0
1516,0
1517,1
1518,1
1519,0
1520,1
1521,0
1522,1
1524,0
1525,0
1526,1
1527,1
1529,1
1530,0
1531,1
1532,1
1533,0
1534,0
1535,0
1536,1
1537,1
1538,0
1539,0
1540,0
1541,0
1542,1
1543,0
1544,1
1545,0
1546,0
1548,0
1549,1
1550,1
1551,0
1552,1
1553,1
1554,0
1556,0
1557,1
1558,0
1559,1
1560,0
1561,1
1563,0
1564,1
1565,0
1566,0
1567,1
1569,1
1572,1
1573,1
1574,0
1575,0
1576,1
1577,0
1578,1
1579,1
1580,1
1581,0
1582,0
1583,1
1584,0
1585,1
1586,0
1587,0
1588,0
1589,1
1590,0
1591,0
1593,0
1594,0
1595,1
1596,0
1598,0
1599,0
1600,1
1601,1
1602,1
1603,1
1604,0
1607,0
1608,0
1609,1
1610,0
1611,0
1612,0
1614,0
1616,1
1617,0
1618,1
1619,1
1620,0
1621,1
1622,0
1624,1
1625,0
1626,0
1628,0
1629,0
1630,1
1631,1
1632,0
1634,1
1636,1
1637,0
1638,1
1640,0
1641,1
1642,1
1643,1
1644,1
1645,1
1646,1
1647,1
1648,0
1649,1
1650,0
1651,0
1652,0
1654,1
1655,0
1656,0
1657,1
1659,0
1660,0
1661,1
1662,1
1663,0
1664,0
1665,0
1667,1
1668,1
1670,1
1671,1
1672,0
1673,1
1675,1
1676,1
1678,1
1680,1
1681,0
1683,1
1684,1
1685,0
1686,1
1687,1
1688,1
1689,0
1690,0
1692,0
1693,1
1694,1
1695,0
1696,0
1697,0
1698,0
1699,1
1700,1
1701,1
1702,0
1703,0
1705,1
1706,1
1707,1
1708,0
1709,0
1715,1
1716,0
1717,1
1719,0
1721,0
1722,0
1724,1
1725,0
1727,0
1728,0
1729,0
1730,0
1731,1
1732,0
1734,1
1735,0
1736,0
1737,1
1738,0
1739,1
1741,0
1742,1
1745,0
1747,1
1748,1
1749,1
1750,0
1751,1
1752,1
1753,0
1755,0
1757,0
1758,0
1759,1
1760,0
1763,1
1765,1
1766,1
1767,0
1768,1
1769,0
1770,1
1772,0
1773,1
1774,1
1778,0
1779,1
1780,1
1781,1
1782,0
1783,0
1784,1
1785,0
1786,1
1788,1
1789,0
1791,1
1792,0
1794,0
1796,1
1797,0
1800,1
1801,1
1803,1
1804,0
1806,1
1807,1
1809,1
1810,1
1811,1
1813,0
1814,1
1815,1
1816,0
1817,0
1819,0
1820,0
1821,1
1822,0
1823,1
1824,1
1825,1
1826,0
1828,0
1829,0
1832,1
1833,0
1835,1
1837,1
1838,1
1839,0
1840,0
1842,0
1844,0
1845,1
1846,1
1847,1
1848,1
1849,1
1850,1
1854,0
1855,0
1857,1
1858,1
1859,1
1860,0
1861,0
1862,0
1863,0
1864,1
1865,1
1866,1
1868,0
1869,0
1870,0
1871,0
1872,1
1874,0
1875,0
1876,1
1877,1
1878,0
1879,0
1880,1
1881,0
1882,0
1884,0
1885,0
1886,1
1887,0
1888,0
1890,1
1891,0
1892,0
1893,1
1894,0
1895,0
1896,0
1897,1
1898,0
1899,1
1900,0
1901,0
1903,1
1904,0
1905,1
1908,1
1909,1
1910,0
1912,1
1913,1
1915,1
1916,1
1917,0
1918,0
1920,1
1921,0
1922,1
1923,0
1924,0
1925,0
1926,1
1927,0
1929,1
1931,0
1932,0
1933,0
1934,1
1935,0
1936,0
1939,1
1940,1
1941,1
1942,1
1943,1
1944,0
1945,0
1946,0
1947,1
1948,1
1949,1
1950,0
1951,1
1952,1
1953,0
1955,1
1956,0
1957,0
1959,1
1960,1
1961,0
1962,1
1963,1
1964,0
1965,1
1967,0
1968,1
1969,1
1971,0
1972,1
1975,1
1976,0
1977,1
1978,1
1979,0
1980,1
1981,1
1983,1
1984,0
1985,1
1987,1
1989,0
1990,0
1991,1
1992,1
1993,1
1994,1
1995,0
1996,0
1997,1
1998,1
2000,1
2001,1
2003,1
2004,1
2005,1
2009,0
2010,1
2011,0
2013,0
2015,1
2016,0
2018,1
2022,1
2024,0
2025,1
2026,1
2027,1
2029,0
2031,1
2033,0
2034,0
2035,0
2036,0
2037,0
2039,1
2040,0
2041,0
2042,1
2043,1
2044,1
2045,0
2046,1
2048,1
2050,0
2051,1
2052,1
2053,1
2055,0
2056,0
2059,0
2060,1
2061,0
2062,0
2063,0
2064,1
2065,1
2066,0
2068,1
2069,1
2071,0
2072,0
2073,0
2075,0
2076,0
2077,0
2078,1
2079,1
2082,0
2083,1
2084,0
2086,0
2087,0
2088,1
2089,1
2090,0
2091,1
2092,1
2093,0
2094,0
2096,1
2097,0
2098,1
2099,0
2100,1
2101,0
2102,1
2103,1
2104,1
2105,1
2106,1
2107,1
2108,1
2109,1
2110,0
2111,1
2112,0
2114,0
2115,1
2116,1
2117,1
2118,0
2120,1
2121,1
2123,0
2124,0
2125,0
2126,0
2127,1
2129,0
2130,0
2131,0
2132,1
2133,0
2135,0
2136,1
2138,0
2139,0
2140,0
2141,1
2145,1
2146,1
2147,1
2148,0
2149,0
2150,0
2151,1
2152,1
2153,1
2154,0
2155,1
2156,1
2159,0
2160,0
2161,1
2162,1
2163,1
2164,0
2165,0
2166,1
2167,0
2169,1
2170,0
2172,0
2173,0
2175,0
2176,0
2177,0
2178,0
2179,0
2180,0
2181,0
2182,1
2184,1
2185,0
2186,0
2187,1
2188,0
2190,1
2191,0
2192,0
2193,1
2194,0
2195,0
2196,1
2197,1
2198,0
2199,1
2200,1
2201,1
2202,1
2203,1
2204,0
2205,0
2206,1
2207,0
2208,1
2210,0
2211,0
2212,1
2213,1
2214,1
2215,1
2216,0
2217,0
2220,0
2222,1
2223,1
2224,1
2226,0
2227,0
2228,1
2230,0
2231,1
2232,1
2233,0
2234,1
2235,0
2236,1
2237,1
2239,0
2240,1
2241,1
2242,1
2243,1
2245,0
2248,0
2249,1
2250,1
2251,1
2253,0
2254,0
2255,1
2256,1
2258,1
2259,1
2260,1
2261,0
2263,1
2264,1
2265,1
2267,0
2269,1
2270,1
2271,1
2272,0
2275,1
2276,0
2277,0
2279,1
2280,1
2281,1
2282,1
2283,0
2284,1
2285,0
2286,1
2287,1
2288,1
2289,0
2290,1
2291,0
2292,1
2293,0
2294,0
2296,1
2297,1
2298,1
2299,1
2300,0
2301,1
2302,1
2303,0
2304,0
2305,0
2306,0
2309,1
2310,0
2312,1
2313,1
2314,1
2315,0
2317,1
2319,0
2320,0
2321,0
2322,1
2323,1
2324,0
2326,0
2327,1
2328,0
2329,1
2330,1
2331,0
2332,1
2333,0
2334,0
2336,1
2337,1
2339,0
2341,1
2342,0
2343,1
2344,1
2345,1
2346,0
2347,0
2348,1
2349,0
2350,1
2351,1
2352,1
2353,1
2354,1
2356,1
2357,0
2358,1
2359,1
2360,1
2361,0
2362,1
2363,0
2364,1
2365,1
2366,1
2367,1
2369,1
2370,1
2371,1
2372,1
2373,1
2374,1
2375,1
2376,0
2378,1
2379,0
2380,0
2381,0
2382,1
2383,1
2384,0
2385,1
2386,0
2387,0
2388,0
2389,0
2390,1
2391,1
2392,1
2393,0
2394,1
2396,0
2398,1
2400,1
2401,1
2402,0
2403,0
2405,0
2406,0
2408,1
2409,1
2410,0
2411,0
2412,0
2413,1
2415,1
2416,1
2418,0
2420,0
2421,0
2422,1
2424,0
2425,1
2426,0
2428,1
2429,1
2430,1
2431,0
2433,0
2434,1
2435,0
2436,0
2437,1
2438,0
2439,0
2440,1
2441,1
2442,1
2443,1
2445,1
2446,1
2447,0
2448,1
2449,0
2450,0
2451,0
2452,0
2453,1
2456,0
2457,0
2458,1
2460,0
2461,1
2463,1
2464,1
2465,0
2466,1
2467,0
2469,1
2470,1
2471,0
2472,1
2475,1
2476,0
2477,0
2478,0
2480,1
2481,0
2483,1
2485,0
2486,0
2487,1
2489,0
2490,0
2491,0
2492,0
2493,0
2495,0
2496,1
2497,1
2498,0
2499,1
2500,1
2501,0
2502,0
2504,0
2505,1
2506,0
2507,1
2508,1
2509,0
2510,0
2512,1
2513,0
2514,0
2515,1
2516,0
2518,1
2520,1
2521,0
2523,0
2525,1
2528,0
2529,0
2530,0
2531,0
2532,1
2533,0
2534,0
2535,0
2536,0
2537,0
2538,1
2539,1
2540,1
2541,1
2542,0
2544,0
2545,0
2546,0
2547,0
2548,0
2549,1
2551,1
2552,0
2553,0
2554,0
2555,1
2556,0
2557,0
2558,0
2559,1
2560,1
2561,0
2563,0
2564,1
2565,0
2566,1
2569,1
2570,1
2571,1
2572,0
2573,0
2575,1
2577,0
2578,1
2579,0
2580,0
2582,0
2583,1
2584,1
2585,0
2586,1
2587,0
2588,1
2589,1
2590,1
2592,0
2593,0
2595,1
2597,0
2598,0
2600,1
2601,0
2602,1
2603,0
2605,0
2609,0
2610,1
2611,1
2612,1
2613,1
2614,1
2616,1
2618,0
2619,0
2620,1
2621,0
2622,0
2623,1
2624,0
2625,0
2626,1
2629,1
2630,1
2631,1
2632,0
2634,0
2636,0
2637,1
2638,0
2639,1
2640,0
2641,0
2643,1
2644,1
2645,0
2646,0
2647,1
2649,1
2650,0
2652,0
2653,1
2654,0
2655,0
2656,0
2658,0
2659,0
2660,1
2661,1
2662,0
2663,1
2665,1
2667,0
2668,1
2669,1
2670,0
2671,0
2673,0
2674,1
2675,1
2676,1
2677,1
2678,0
2679,0
2680,0
2681,0
2682,1
2683,1
2684,1
2685,1
2686,0
2687,0
2688,0
2689,0
2693,0
2696,0
2698,0
2702,0
2703,1
2704,1
2706,1
2707,1
2709,1
2710,1
2711,0
2713,0
2714,1
2715,1
2716,0
2717,0
2718,1
2719,0
2720,0
2721,0
2722,0
2723,1
2725,1
2726,0
2729,1
2730,0
2731,0
2732,0
2733,1
2734,0
2736,1
2737,1
2738,1
2739,0
2740,0
2741,0
2742,1
2743,1
2744,0
2745,0
2746,1
2747,0
2749,0
2750,0
2751,0
2752,1
2753,1
2754,1
2755,0
2756,0
2760,1
2761,0
2763,1
2764,1
2767,0
2768,1
2769,0
2770,0
2771,1
2772,0
2773,0
2775,0
2776,1
2777,0
2778,1
2780,1
2781,1
2782,1
2783,0
2784,0
2785,1
2786,0
2788,0
2789,1
2790,1
2793,1
2794,1
2795,0
2797,0
2799,1
2800,1
2801,1
2802,1
2803,0
2804,0
2805,1
2806,1
2809,0
2810,0
2811,0
2812,1
2815,0
2816,0
2817,0
2818,1
2819,1
2820,1
2821,1
2823,0
2824,0
2825,0
2827,1
2828,1
2829,0
2830,0
2831,0
2832,0
2833,0
2834,0
2835,0
2837,0
2838,1
2840,0
2841,1
2842,0
2843,1
2844,1
2845,1
2846,1
2847,0
2848,0
2850,1
2851,0
2852,0
2854,0
2855,1
2857,0
2858,1
2859,0
2860,0
2861,0
2862,1
2863,0
2864,0
2865,0
2867,0
2868,1
2869,0
2871,1
2872,1
2873,1
2874,1
2877,0
2878,0
2879,0
2880,0
2881,1
2883,1
2884,1
2885,0
2887,0
2889,1
2890,1
2891,1
2893,1
2894,1
2895,0
2896,0
2897,1
2898,0
2899,1
2901,1
2902,0
2903,0
2904,1
2905,1
2906,1
2907,1
2909,1
2911,0
2912,1
2914,0
2915,0
2916,1
2918,0
2920,0
2921,0
2922,0
2923,0
2924,1
2925,1
2926,0
2928,1
2929,0
2930,1
2931,1
2932,1
2934,1
2935,1
2936,0
2937,0
2938,1
2939,0
2941,1
2943,0
2944,1
2946,0
2947,1
2949,0
2950,1
2951,1
2952,1
2953,0
2954,1
2955,1
2956,1
2957,1
2958,1
2959,1
2960,1
2961,0
2962,0
2963,1
2964,0
2968,1
2971,1
2972,0
2973,0
2974,0
2975,1
2977,0
2979,1
2980,0
2981,1
2982,1
2983,0
2985,1
2986,0
2988,0
2989,1
2990,1
2991,1
2992,1
2993,0
2994,0
2996,0
2997,0
2998,1
2999,1
3000,0
3001,0
3002,1
3003,0
3004,0
3005,0
3006,1
3007,1
3009,0
3010,0
3012,1
3013,0
3014,1
3015,1
3016,1
3017,1
3020,1
3021,1
3022,1
3023,0
3024,1
3026,1
3027,0
3028,0
3029,0
3030,0
3031,1
3032,0
3033,0
3034,1
3035,0
3037,1
3038,1
3039,1
3040,1
3041,0
3042,0
3043,1
3044,0
3045,0
3046,0
3047,1
3048,1
3051,1
3052,0
3054,0
3055,0
3056,0
3057,1
3058,0
3059,0
3061,1
3062,0
3063,0
3064,0
3066,0
3068,0
3069,0
3072,0
3073,0
3074,1
3076,1
3077,0
3078,1
3080,1
3081,1
3082,1
3083,1
3084,0
3085,1
3086,0
3088,0
3089,0
3090,0
3091,1
3094,0
3096,0
3097,0
3098,0
3099,0
3101,0
3102,1
3103,1
3105,0
3106,0
3108,1
3110,0
3112,1
3113,0
3114,0
3116,0
3118,1
3119,0
3120,0
3121,0
3122,0
3124,1
3125,1
3126,1
3127,1
3128,0
3129,0
3130,1
3131,1
3132,1
3133,1
3135,0
3136,0
3138,1
3139,0
3140,1
3141,0
3142,0
3143,0
3145,1
3146,0
3147,0
3148,1
3149,0
3150,1
3151,1
3152,0
3154,0
3155,1
3156,1
3157,0
3158,1
3159,0
3160,1
3161,0
3162,1
3163,1
3165,1
3166,1
3167,1
3168,0
3169,0
3173,1
3174,1
3175,1
3177,0
3178,0
3179,0
3180,1
3181,0
3182,0
3183,1
3184,1
3186,0
3187,1
3188,1
3189,0
3190,1
3191,1
3192,0
3193,1
3194,0
3195,1
3196,1
3197,0
3198,0
3199,0
3200,0
3201,1
3202,0
3204,1
3205,0
3206,1
3207,0
3208,1
3209,1
3210,1
3211,0
3212,1
3213,1
3214,1
3215,0
3216,1
3217,1
3218,1
3219,0
3220,0
3222,0
3223,1
3225,0
3226,1
3227,1
3228,0
3229,1
3230,1
3231,0
3232,0
3233,0
3234,0
3237,1
3238,1
3239,1
3243,1
3244,1
3247,0
3248,0
3250,1
3251,1
3253,0
3254,0
3255,0
3256,0
3258,1
3259,1
3260,0
3261,0
3262,0
3263,1
3264,0
3265,0
3267,0
3269,1
3271,1
3272,1
3273,0
3274,1
3276,0
3279,0
3280,0
3281,1
3283,1
3284,0
3286,1
3287,1
3288,0
3289,0
3290,0
3291,0
3293,1
3295,0
3296,1
3298,0
3302,0
3303,1
3304,1
3305,1
3307,0
3308,0
3309,0
3311,1
3312,1
3313,0
3314,0
3315,1
3316,0
3317,1
3318,0
3319,0
3320,0
3321,0
3322,1
3323,0
3324,0
3325,0
3326,1
3328,1
3329,1
3330,0
3331,1
3332,0
3333,0
3334,1
3335,0
3336,1
3337,1
3338,1
3339,1
3340,1
3341,1
3342,1
3343,1
3344,0
3345,0
3347,1
3349,0
3350,0
3351,1
3352,1
3353,1
3354,0
3357,1
3358,1
3359,0
3360,0
3362,0
3363,1
3364,0
3365,0
3366,1
3367,0
3368,0
3370,0
3371,1
3372,1
3374,1
3375,0
3378,0
3379,0
3380,1
3381,0
3382,0
3383,0
3385,1
3387,0
3388,1
3390,1
3391,1
3393,1
3394,1
3395,1
3396,0
3397,0
3398,0
3400,1
3402,1
3403,1
3405,0
3406,0
3407,0
3408,1
3409,0
3411,0
3412,0
3413,1
3414,0
3415,0
3416,0
3417,0
3418,0
3420,0
3421,1
3422,0
3423,1
3424,0
3425,0
3426,0
3427,0
3428,0
3430,1
3431,1
3432,0
3433,0
3434,1
3435,1
3436,0
3439,0
3440,0
3441,0
3442,1
3444,0
3445,1
3446,0
3448,0
3450,1
3451,0
3452,1
3453,0
3454,0
3455,0
3456,1
3457,0
3459,0
3460,0
3461,0
3462,1
3463,1
3464,1
3465,1
3466,0
3467,0
3468,1
3469,1
3470,0
3471,0
3472,1
3473,0
3475,0
3477,0
3478,1
3479,0
3480,1
3481,0
3482,0
3484,0
3485,0
3487,1
3488,0
3489,0
3490,0
3492,1
3493,1
3494,1
3495,1
3496,1
3498,1
3500,1
3501,0
3502,0
3503,1
3504,1
3506,1
3507,1
3509,1
3512,1
3513,1
3515,1
3516,1
3517,1
3518,1
3519,1
3520,1
3521,0
3522,1
3523,0
3524,0
3525,0
3526,1
3527,0
3528,1
3529,1
3530,1
3531,0
3532,0
3534,1
3535,0
3536,1
3538,0
3540,0
3541,0
3542,0
3543,1
3544,0
3547,0
3548,1
3549,0
3550,1
3551,1
3552,0
3553,0
3554,1
3555,0
3556,1
3557,0
3560,1
3561,1
3562,0
3563,0
3564,1
3565,1
3566,0
3567,0
3568,0
3571,1
3572,1
3574,1
3575,1
3576,0
3577,1
3578,0
3579,0
3581,0
3582,1
3583,0
3584,0
3585,1
3587,0
3588,1
3589,1
3591,1
3592,1
3593,1
3595,1
3596,0
3597,0
3598,1
3599,1
3600,1
3601,0
3602,1
3603,0
3605,0
3606,1
3607,1
3608,0
3609,1
3611,1
3613,0
3615,1
3616,0
3617,1
3620,1
3621,1
3622,1
3623,1
3624,1
3625,0
3627,1
3628,1
3629,1
3630,0
3631,0
3632,0
3633,0
3635,0
3636,0
3637,0
3638,1
3639,0
3640,0
3641,1
3642,1
3643,1
3644,1
3645,1
3646,1
3647,0
3648,1
3649,1
3651,1
3652,1
3653,1
3654,0
3657,0
3658,1
3659,0
3660,1
3661,0
3664,0
3665,1
3666,1
3667,1
3668,1
3669,1
3670,0
3672,0
3673,0
3674,0
3675,0
3676,1
3677,0
3678,1
3679,1
3680,1
3681,1
3682,0
3683,1
3684,0
3686,0
3687,1
3690,1
3692,1
3693,1
3694,1
3695,1
3696,1
3697,0
3698,1
3699,1
3700,0
3701,1
3702,0
3703,0
3705,1
3706,1
3707,0
3708,1
3709,1
3710,0
3711,0
3712,0
3713,1
3715,0
3716,0
3717,0
3718,0
3720,0
3721,1
3722,1
3724,0
3725,1
3726,1
3727,1
3728,0
3729,1
3734,0
3735,1
3736,1
3737,1
3738,0
3739,0
3740,1
3741,0
3742,0
3743,0
3744,1
3745,0
3746,1
3747,1
3749,0
3750,1
3751,1
3752,0
3753,0
3755,1
3756,1
3758,1
3759,1
3760,0
3761,1
3762,0
3763,0
3764,1
3766,1
3767,1
3768,0
3769,1
3770,0
3771,1
3772,1
3773,1
3775,1
3778,1
3779,1
3782,1
3783,1
3784,0
3785,1
3786,0
3787,1
3788,0
3789,1
3791,1
3793,1
3794,0
3795,0
3796,1
3798,0
3801,0
3804,0
3805,1
3806,1
3808,0
3810,0
3811,0
3812,1
3813,0
3814,0
3815,0
3816,0
3818,0
3819,0
3820,0
3821,0
3822,0
3824,0
3825,0
3826,0
3827,0
3828,0
3829,0
3831,1
3834,1
3836,1
3837,1
3838,1
3839,0
3840,1
3842,0
3843,1
3844,0
3845,1
3846,1
3847,0
3849,1
3851,0
3852,0
3853,0
3854,0
3856,0
3857,0
3858,0
3859,0
3861,0
3862,0
3863,0
3864,0
3865,0
3866,1
3867,0
3868,1
3869,1
3870,0
3872,0
3873,0
3875,1
3876,1
3877,1
3879,1
3880,1
3881,0
3882,1
3883,1
3884,1
3885,1
3886,1
3887,0
3889,0
3891,1
3892,1
3893,0
3895,1
3896,1
3898,0
3899,0
3900,0
3901,0
3902,0
3903,0
3904,1
3905,1
3907,1
3908,0
3909,0
3910,1
3911,1
3912,1
3914,1
3916,0
3918,0
3919,1
3920,1
3921,0
3922,0
3923,0
3924,0
3925,0
3926,1
3927,0
3928,1
3929,1
3930,1
3932,1
3934,1
3935,0
3937,0
3938,0
3939,0
3940,0
3941,0
3942,1
3944,0
3945,0
3946,1
3947,0
3948,1
3949,0
3950,0
3951,0
3952,0
3953,1
3954,1
3955,1
3956,1
3957,1
3958,0
3959,0
3960,1
3961,1
3962,0
3964,1
3965,0
3967,1
3970,0
3971,0
3973,1
3974,0
3975,1
3977,1
3978,0
3979,0
3981,1
3982,1
3983,1
3984,0
3986,0
3987,1
3988,0
3989,1
3990,1
3991,0
3992,1
3993,0
3994,0
3996,1
3997,1
3998,1
3999,0
4000,1
4001,0
4002,0
4004,1
4005,1
4006,1
4008,0
4009,0
4010,1
4012,1
4013,1
4014,1
4015,0
4016,1
4017,0
4019,0
4020,1
4021,1
4022,1
4023,0
4025,1
4026,0
4027,0
4028,1
4029,0
4030,1
4031,0
4032,1
4033,0
4035,1
4037,1
4038,0
4039,0
4040,1
4041,0
4042,0
4043,1
4044,1
4045,1
4046,0
4047,1
4048,0
4049,0
4050,1
4051,0
4052,1
4053,1
4054,0
4056,1
4057,1
4058,0
4059,1
4060,0
4061,1
4062,0
4063,0
4064,0
4065,1
4066,1
4067,0
4068,0
4069,0
4071,0
4072,0
4073,0
4074,0
4075,1
4076,0
4077,0
4079,0
4082,0
4083,1
4086,1
4087,0
4088,1
4090,1
4091,0
4092,0
4093,0
4094,0
4096,1
4101,0
4102,1
4103,0
4104,1
4105,0
4106,1
4107,0
4108,0
4109,0
4110,0
4112,0
4113,0
4114,0
4115,0
4116,0
4117,0
4120,1
4121,1
4123,0
4124,1
4125,0
4128,0
4129,1
4130,1
4131,0
4132,1
4133,0
4134,1
4135,1
4136,1
4137,0
4138,1
4139,0
4140,1
4141,0
4142,1
4143,0
4144,0
4145,0
4146,0
4147,1
4148,0
4149,0
4150,0
4151,0
4152,1
4153,1
4154,0
4155,0
4156,1
4157,1
4159,1
4160,0
4161,0
4162,0
4163,1
4164,0
4165,0
4166,1
4167,0
4170,1
4171,1
4172,0
4173,0
4174,1
4176,0
4177,1
4178,1
4180,0
4181,0
4183,1
4186,1
4187,0
4190,1
4191,1
4193,0
4194,1
4195,1
4196,0
4197,1
4198,0
4199,0
4201,1
4203,1
4204,1
4205,0
4206,1
4207,1
4209,1
4210,0
4211,1
4212,1
4213,1
4214,1
4217,0
4218,1
4219,1
4220,1
4223,1
4224,0
4226,1
4227,1
4228,1
4229,0
4230,1
4231,0
4232,1
4233,1
4234,1
4235,0
4237,1
4238,0
4239,1
4240,0
4241,0
4242,1
4243,0
4244,0
4245,1
4246,0
4247,0
4249,1
4252,1
4253,0
4254,1
4255,1
4258,0
4259,0
4260,0
4261,1
4262,1
4263,0
4265,1
4266,0
4267,0
4269,1
4270,1
4274,1
4275,1
4276,1
4277,0
4278,1
4279,1
4280,0
4282,0
4283,1
4284,0
4285,1
4286,1
4287,0
4288,1
4289,0
4290,0
4291,1
4292,0
4293,1
4294,0
4295,0
4296,1
4297,1
4298,1
4299,1
4300,1
4301,1
4302,0
4303,0
4304,1
4306,1
4307,0
4308,0
4309,0
4310,0
4312,1
4315,0
4319,0
4320,1
4321,1
4322,1
4323,0
4324,0
4325,0
4326,1
4327,0
4328,0
4329,0
4330,1
4331,1
4332,1
4333,1
4334,0
4335,1
4337,0
4338,0
4339,1
4340,0
4341,0
4342,0
4343,0
4344,0
4345,0
4346,0
4347,0
4349,0
4351,0
4353,0
4354,0
4355,0
4356,1
4357,1
4358,1
4359,1
4360,1
4361,0
4363,1
4364,1
4366,0
4367,1
4368,1
4369,0
4370,1
4372,1
4373,1
4374,0
4375,1
4379,0
4380,0
4381,0
4383,1
4384,0
4385,0
4386,1
4387,0
4388,0
4389,1
4390,0
4392,0
4393,1
4394,0
4395,1
4396,1
4397,1
4398,0
4399,0
4400,0
4401,1
4402,1
4403,0
4404,0
4406,0
4407,0
4408,1
4409,1
4411,1
4412,1
4413,0
4414,1
4418,0
4419,1
4420,1
4421,1
4422,0
4423,0
4425,1
4426,0
4427,1
4428,0
4429,1
4430,0
4431,1
4432,1
4433,0
4434,0
4436,1
4437,0
4438,1
4439,1
4441,0
4443,1
4444,1
4445,0
4446,0
4447,1
4448,0
4450,0
4451,0
4452,0
4453,1
4454,0
4457,1
4458,0
4459,0
4460,0
4461,0
4462,0
4464,1
4465,1
4467,1
4469,0
4470,1
4471,0
4472,1
4474,1
4475,0
4476,0
4477,1
4478,0
4479,1
4480,0
4481,1
4482,0
4483,1
4484,1
4485,1
4486,0
4487,0
4488,0
4489,1
4491,0
4492,0
4493,0
4494,1
4495,0
4496,0
4497,0
4498,1
4500,0
4501,1
4502,1
4503,1
4504,1
4505,1
4506,0
4507,0
4508,1
4509,1
4510,1
4511,1
4512,1
4513,1
4514,1
4516,1
4520,0
4521,1
4522,0
4523,0
4524,0
4525,1
4526,1
4528,0
4529,1
4531,0
4532,0
4534,0
4535,0
4537,1
4538,1
4539,0
4540,0
4541,0
4542,0
4543,1
4544,0
4547,1
4548,1
4549,1
4550,0
4551,0
4552,1
4553,1
4554,0
4555,1
4556,1
4557,0
4558,1
4559,1
4560,1
4561,0
4562,0
4563,0
4564,0
4565,0
4566,1
4567,1
4568,1
4569,1
4570,0
4572,1
4573,1
4574,1
4578,1
4579,0
4580,1
4581,1
4582,1
4583,1
4584,1
4585,0
4586,0
4587,0
4592,0
4593,1
4594,1
4595,1
4596,1
4597,1
4598,1
4600,0
4601,1
4603,0
4604,0
4605,1
4608,0
4610,1
4611,1
4612,1
4613,1
4614,0
4615,1
4616,0
4617,0
4618,1
4619,0
4621,0
4622,0
4623,1
4625,0
4626,1
4627,1
4629,1
4630,1
4631,1
4632,1
4633,1
4634,0
4635,1
4638,0
4640,1
4641,0
4644,1
4645,0
4646,1
4647,0
4649,0
4650,1
4651,1
4652,1
4653,1
4654,0
4658,1
4659,0
4660,0
4662,1
4663,1
4665,1
4666,1
4669,0
4674,0
4678,0
4679,1
4680,0
4681,0
4682,1
4683,0
4684,0
4685,0
4686,1
4687,1
4688,0
4689,0
4690,0
4691,0
4692,0
4693,0
4694,0
4695,0
4696,0
4697,0
4698,1
4699,1
4700,1
4701,0
4702,0
4703,0
4704,0
4705,0
4706,0
4707,0
4708,1
4709,0
4710,1
4712,1
4713,1
4714,0
4715,1
4716,0
4717,0
4718,1
4719,1
4720,1
4721,0
4722,1
4723,1
4724,1
4725,1
4726,1
4727,0
4728,0
4729,1
4732,0
4733,1
4734,0
4735,1
4736,0
4737,1
4738,1
4739,1
4740,1
4744,0
4745,0
4746,0
4747,0
4748,1
4751,0
4752,0
4753,1
4754,1
4755,1
4756,0
4758,0
4759,1
4760,1
4762,0
4764,0
4765,0
4766,1
4767,0
4769,0
4770,0
4771,1
4772,0
4773,0
4774,0
4775,0
4777,1
4778,0
4779,1
4780,0
4782,0
4783,1
4784,0
4785,0
4787,0
4788,1
4791,0
4793,1
4795,0
4796,0
4797,0
4798,1
4799,0
4800,0
4801,0
4802,1
4803,0
4804,1
4805,1
4806,1
4807,1
4808,1
4809,1
4810,0
4811,1
4812,0
4813,0
4814,0
4815,1
4818,0
4819,1
4820,1
4821,0
4822,0
4823,0
4825,0
4826,1
4829,0
4830,1
4831,0
4832,0
4833,0
4834,0
4835,1
4836,0
4837,1
4839,1
4840,1
4841,1
4842,1
4843,1
4844,1
4845,1
4848,1
4849,0
4850,0
4851,0
4852,1
4853,1
4854,1
4855,1
4856,0
4858,1
4859,1
4860,1
4863,0
4864,1
4865,1
4867,1
4868,0
4870,1
4871,0
4872,1
4873,1
4874,1
4875,1
4876,0
4877,1
4878,0
4879,1
4880,0
4881,0
4882,1
4883,1
4884,1
4885,1
4886,1
4887,0
4889,0
4890,0
4891,1
4892,1
4893,1
4894,1
4895,1
4896,0
4897,0
4898,1
4899,0
4900,0
4901,0
4902,0
4903,1
4905,0
4906,0
4907,0
4908,1
4909,0
4910,1
4911,0
4912,1
4913,0
4914,0
4916,1
4917,0
4918,1
4919,1
4920,1
4921,0
4923,1
4924,1
4925,1
4926,1
4928,1
4929,0
4930,1
4931,0
4932,0
4933,1
4934,0
4936,1
4937,0
4938,1
4939,1
4940,0
4941,1
4943,1
4944,0
4945,1
4947,0
4948,0
4949,0
4950,0
4951,1
4952,0
4953,1
4954,0
4955,0
4956,0
4958,0
4959,0
4960,0
4961,1
4962,0
4963,0
4964,0
4965,1
4966,0
4968,0
4969,1
4970,1
4971,0
4973,1
4974,0
4975,1
4976,0
4978,0
4979,0
4981,1
4983,1
4985,0
4986,0
4987,0
4988,0
4989,1
4990,0
4991,0
4993,0
4994,1
4995,0
4996,0
4998,0
4999,0
5000,0
5001,1
5002,0
5003,1
5004,1
5005,0
5007,1
5008,1
5009,0
5011,1
5013,1
5016,1
5017,0
5018,0
5020,1
5021,1
5023,1
5024,1
5025,1
5028,0
5029,1
5031,0
5032,1
5033,0
5034,1
5036,0
5038,1
5039,1
5040,0
5041,0
5043,1
5044,0
5045,1
5046,0
5047,0
5048,1
5049,1
5050,0
5051,0
5052,0
5053,0
5054,1
5055,1
5056,0
5057,1
5058,1
5059,1
5060,1
5061,1
5063,1
5065,1
5070,0
5071,0
5072,0
5073,0
5074,1
5075,1
5076,0
5077,0
5079,0
5080,1
5081,0
5082,0
5083,0
5084,0
5085,1
5087,1
5088,0
5091,1
5093,0
5094,1
5095,1
5097,0
5098,1
5099,0
5100,1
5103,0
5104,0
5107,0
5108,1
5109,1
5110,0
5111,1
5112,0
5114,0
5115,1
5116,0
5117,1
5118,0
5119,0
5120,1
5121,0
5122,0
5123,1
5124,0
5125,0
5126,0
5127,1
5128,0
5129,1
5130,0
5131,1
5133,0
5134,1
5135,0
5137,1
5138,0
5139,1
5141,1
5142,1
5144,1
5145,0
5146,0
5150,1
5151,1
5152,0
5153,1
5154,0
5158,0
5159,1
5160,0
5161,0
5163,1
5164,1
5165,0
5166,0
5167,1
5169,1
5171,1
5173,0
5175,0
5176,0
5177,1
5178,1
5179,1
5180,1
5182,0
5183,0
5184,0
5185,0
5186,0
5187,1
5188,1
5190,0
5191,0
5192,0
5193,0
5195,1
5196,1
5199,1
5200,0
5201,1
5202,1
5203,1
5204,0
5205,0
5206,0
5207,0
5209,0
5210,0
5211,1
5212,0
5213,1
5214,1
5215,1
5216,0
5219,1
5220,0
5221,1
5223,0
5224,1
5225,1
5226,0
5227,1
5228,1
5230,1
5231,1
5232,1
5233,1
5234,1
5235,0
5236,0
5238,0
5239,1
5240,0
5241,1
5242,0
5243,0
5244,1
5246,1
5247,1
5248,0
5249,1
5250,1
5251,0
5253,1
5254,1
5255,0
5256,0
5257,1
5259,1
5262,0
5263,0
5264,1
5268,0
5269,1
5270,1
5271,1
5273,1
5274,0
5275,0
5276,0
5278,1
5279,0
5280,1
5281,1
5282,0
5284,1
5285,1
5286,0
5288,0
5289,0
5290,0
5291,0
5292,1
5293,1
5294,0
5295,1
5297,0
5298,1
5299,0
5303,1
5304,1
5305,0
5307,1
5308,1
5309,0
5310,0
5311,1
5312,0
5313,1
5314,0
5316,1
5317,0
5320,0
5322,0
5324,0
5325,1
5326,1
5328,0
5329,1
5330,0
5331,0
5332,1
5334,1
5335,1
5336,0
5337,1
5338,0
5339,1
5340,0
5341,1
5342,1
5343,0
5344,0
5347,1
5348,1
5349,1
5350,0
5351,1
5352,0
5353,1
5354,1
5355,0
5356,0
5358,1
5359,1
5360,1
5361,0
5362,0
5363,1
5364,0
5366,0
5367,1
5368,0
5370,1
5372,0
5373,0
5374,1
5375,0
5377,0
5379,1
5380,1
5381,0
5384,1
5385,1
5386,0
5387,1
5388,0
5391,0
5392,1
5393,0
5394,0
5395,1
5396,1
5398,1
5400,0
5401,1
5402,1
5403,0
5404,0
5405,0
5406,0
5407,1
5408,0
5409,1
5410,1
5412,0
5413,1
5414,1
5415,0
5416,1
5417,1
5418,1
5420,1
5422,0
5423,0
5424,1
5425,1
5426,1
5427,0
5428,1
5429,0
5430,1
5431,1
5432,1
5433,1
5434,0
5435,1
5436,1
5437,0
5438,1
5439,1
5440,0
5441,0
5442,1
5443,0
5444,1
5446,1
5447,1
5448,1
5449,0
5450,1
5452,0
5453,1
5454,1
5455,0
5456,1
5457,1
5458,1
5459,1
5460,1
5462,1
5463,1
5464,1
5465,1
5466,1
5467,1
5468,0
5469,1
5470,1
5471,0
5472,0
5473,1
5474,0
5476,0
5477,1
5478,1
5480,1
5481,0
5482,1
5484,1
5485,0
5486,0
5487,1
5488,0
5489,0
5490,0
5491,0
5492,1
5494,1
5496,1
5497,1
5499,1
5501,1
5503,0
5505,1
5506,1
5508,0
5509,0
5510,0
5511,0
5512,0
5513,1
5514,0
5515,0
5516,1
5517,0
5518,0
5519,1
5520,0
5521,0
5523,1
5524,1
5525,0
5526,1
5528,1
5529,0
5530,1
5531,0
5532,1
5533,1
5534,0
5535,0
5536,1
5537,0
5540,1
5541,0
5542,0
5544,0
5545,1
5546,0
5548,0
5549,1
5550,0
5551,1
5552,0
5553,1
5554,1
5555,1
5556,1
5561,1
5562,0
5563,1
5564,1
5566,1
5567,1
5570,0
5571,1
5572,0
5574,1
5577,1
5578,1
5579,0
5580,0
5581,0
5582,0
5584,0
5585,1
5587,1
5588,0
5589,0
5590,0
5592,0
5593,0
5594,1
5595,0
5596,1
5597,1
5598,1
5599,0
5600,0
5601,0
5602,1
5604,0
5605,1
5606,1
5607,1
5608,1
5609,1
5610,0
5611,1
5613,0
5614,1
5615,0
5616,0
5617,1
5620,1
5621,1
5622,0
5623,0
5624,1
5625,0
5626,1
5627,0
5628,1
5629,1
5630,0
5631,0
5632,1
5633,1
5634,0
5635,1
5636,1
5637,1
5639,0
5640,0
5641,0
5642,1
5643,0
5644,1
5645,1
5646,0
5647,0
5648,0
5649,0
5650,1
5651,1
5653,1
5654,1
5655,1
5656,0
5657,1
5658,1
5660,1
5661,0
5662,0
5663,1
5664,0
5665,0
5666,1
5667,1
5668,1
5669,1
5670,1
5671,1
5672,1
5673,1
5676,1
5677,0
5678,0
5679,1
5680,0
5681,0
5683,0
5684,0
5686,0
5687,0
5688,0
5689,0
5691,1
5692,0
5693,0
5694,1
5695,0
5697,0
5698,0
5699,0
5701,1
5702,0
5703,0
5704,1
5705,1
5707,1
5708,1
5709,1
5710,1
5712,0
5713,0
5714,0
5715,0
5716,1
5717,1
5718,0
5719,1
5720,0
5721,1
5723,1
5725,1
5726,1
5727,0
5728,0
5729,0
5730,0
5731,0
5735,1
5736,0
5737,0
5738,0
5739,0
5740,1
5741,1
5743,1
5745,0
5747,1
5748,1
5749,1
5750,1
5751,0
5752,1
5753,1
5754,1
5757,1
5758,1
5759,0
5760,1
5762,0
5763,0
5764,0
5765,0
5766,1
5767,1
5769,0
5770,0
5771,1
5772,0
5773,1
5774,1
5775,1
5777,0
5778,1
5779,1
5780,1
5781,1
5782,0
5783,0
5784,1
5785,1
5786,0
5788,1
5790,0
5791,0
5792,0
5793,1
5794,0
5795,0
5798,0
5799,0
5801,1
5802,1
5803,1
5804,0
5805,1
5806,0
5807,1
5811,1
5812,0
